region,clan,transect,distance,burn_state,date,time_start,time_end,baboon,buffalo,bushbuck,eland,elephant,giraffe,grants,hartebeest,hippo,impala,oribi,ostrich,reedbuck,thomsons,topi,warthog,waterbuck,wildebeest,zebra,other,banded_mongoose,bb_jackal,be_fox,cheetah,lion,spotted_hyena,ss_jackal,cow,shoat,carcass,comments
Narok,talek.w,W3,4,Never,1/2/2012,4/28/2020 7:21,4/28/2020 7:36,0,0,0,0,0,0,1,2,0,44,0,0,0,173,30,0,0,0,0,0,0,0,0,0,0,0,0,0,0,0,
Conservancy,serena.n,RSP,3.22,Never,1/2/2012,4/28/2020 7:53,4/28/2020 8:08,0,0,0,0,8,0,0,0,0,2,0,0,0,71,22,8,0,0,0,16,0,0,0,0,0,0,0,0,0,0,
Narok,talek.w,WLOW,4,Never,1/3/2012,4/28/2020 7:21,4/28/2020 7:38,0,0,0,0,0,0,16,14,0,0,0,0,0,305,72,0,0,0,0,0,0,0,0,0,0,0,0,0,0,0,
Narok,talek.w,WHIGH,4,Never,1/4/2012,4/28/2020 7:01,4/28/2020 7:11,0,4,0,0,0,0,0,0,0,0,0,0,0,0,0,0,0,0,0,0,0,0,0,0,0,0,0,0,0,0,
Narok,mara.river,R2,4,Never,1/15/2012,4/28/2020 7:19,4/28/2020 7:31,0,1,0,0,0,0,0,0,0,12,0,0,0,115,122,3,0,0,0,0,0,0,0,0,0,0,0,0,0,0,
Narok,mara.river,R1,4,Never,1/15/2012,4/28/2020 7:08,4/28/2020 7:16,0,0,0,0,0,0,0,0,0,18,0,0,0,36,0,0,0,0,0,0,0,0,0,0,0,0,0,0,0,0,
Conservancy,,Burn2,6.2,NotBurned,1/20/2012,4/28/2020 8:01,4/28/2020 8:40,0,1,0,0,0,0,0,0,0,0,0,0,0,0,0,4,0,0,0,5,0,0,0,0,0,0,0,0,0,0,
Narok,talek.w,W3,4,Never,1/22/2012,4/28/2020 7:53,4/28/2020 8:06,0,0,0,0,0,0,7,0,0,11,0,0,0,181,63,1,0,0,0,0,0,0,0,0,0,0,0,0,0,0,
Narok,mara.river,R1,4,Never,1/23/2012,4/28/2020 6:50,4/28/2020 6:55,0,0,0,0,0,0,0,0,0,3,0,0,0,21,2,0,0,0,0,0,0,0,0,0,0,0,0,0,0,0,
Narok,talek.w,WHIGH,4,Never,1/23/2012,4/28/2020 7:26,4/28/2020 7:37,0,0,0,0,0,0,0,0,0,0,0,0,0,0,0,0,0,0,0,0,0,0,0,0,0,0,0,0,0,0,
Narok,mara.river,R2,4,Never,1/23/2012,4/28/2020 7:06,4/28/2020 7:18,0,0,0,0,0,0,0,0,0,119,0,0,0,87,150,4,0,0,0,0,0,0,0,0,0,0,0,0,0,0,
Conservancy,serena.n,RSP,3.22,Never,1/23/2012,4/28/2020 8:39,4/28/2020 8:53,0,2,0,0,0,0,3,0,0,7,0,0,0,15,15,10,0,0,1,15,0,0,0,0,0,0,0,0,0,0,
Narok,talek.w,WLOW,4,Never,1/24/2012,4/28/2020 7:11,4/28/2020 7:33,0,0,0,0,0,0,2,0,0,2,0,0,0,381,118,0,0,0,0,0,0,0,0,0,0,0,0,0,0,0,
Conservancy,serena.s,S1,3.41,Never,1/25/2012,4/28/2020 7:40,4/28/2020 7:53,0,0,0,0,0,0,0,0,0,0,0,0,0,0,0,0,0,0,0,0,0,0,0,0,0,0,0,0,0,0,
Conservancy,serena.s,S2,1.47,Never,1/25/2012,4/28/2020 7:22,4/28/2020 7:28,0,0,0,0,0,0,0,0,0,2,0,0,0,35,4,0,0,0,0,0,0,0,0,0,0,0,0,0,0,0,
Conservancy,happy.zebra,SST,5.4,NotBurned,1/27/2012,4/28/2020 8:05,4/28/2020 8:30,0,0,0,0,2,0,0,4,0,0,0,0,0,0,1,0,0,0,0,2,0,0,0,0,0,0,0,0,0,0,
Narok,talek.w,W3,4,Never,2/1/2012,4/28/2020 7:36,4/28/2020 7:51,0,0,0,0,0,0,0,0,0,5,0,0,0,106,33,2,0,0,15,0,0,0,0,0,0,0,0,0,0,0,
Conservancy,serena.s,S1,3.41,Never,2/3/2012,4/28/2020 7:58,4/28/2020 8:16,0,1,0,0,0,0,0,0,0,0,0,0,0,0,0,0,0,0,0,1,0,0,0,0,0,0,0,0,0,0,
Narok,talek.w,WLOW,4,Never,2/3/2012,4/28/2020 7:17,4/28/2020 7:59,0,0,0,0,0,0,1,3,0,2,0,0,0,321,97,0,0,0,2,0,0,0,0,0,0,0,0,0,0,0,
Conservancy,serena.s,S2,1.47,Never,2/3/2012,4/28/2020 7:44,4/28/2020 7:50,0,0,0,0,0,0,0,0,0,0,0,0,0,35,26,4,0,0,0,4,0,0,0,0,0,0,0,0,0,0,
Narok,talek.w,WHIGH,4,Never,2/3/2012,4/28/2020 6:58,4/28/2020 7:09,0,0,0,0,0,0,0,0,0,0,0,4,0,2,0,0,0,0,0,0,0,0,0,0,0,0,0,0,0,0,
Narok,mara.river,R1,4,Never,2/4/2012,4/28/2020 8:48,4/28/2020 8:52,0,0,0,0,0,0,0,0,0,0,0,0,0,0,0,3,0,0,0,0,0,0,0,0,0,0,0,0,0,0,
Conservancy,happy.zebra,SST,5.4,NotBurned,2/4/2012,4/28/2020 7:23,4/28/2020 7:55,0,1,0,0,0,0,0,4,0,0,0,0,0,0,7,0,0,0,0,1,0,0,0,0,0,0,0,0,0,0,
Narok,mara.river,R2,4,Never,2/4/2012,4/28/2020 8:09,4/28/2020 8:18,0,1,0,0,0,0,3,0,0,95,0,3,0,153,9,6,0,0,0,0,0,0,0,0,0,0,0,0,0,0,
Conservancy,serena.n,RSP,3.22,Never,2/5/2012,4/28/2020 8:37,4/28/2020 8:57,0,18,0,0,0,0,0,0,0,16,0,0,0,111,70,6,0,0,0,24,0,0,0,0,0,0,0,0,0,0,
Conservancy,happy.zebra,SST,5.4,NotBurned,2/16/2012,4/28/2020 8:45,4/28/2020 8:55,0,9,0,0,0,0,0,0,0,0,0,0,0,1,0,9,0,0,0,18,0,0,0,0,0,0,0,0,0,0,
Conservancy,serena.s,S1,3.41,Never,2/17/2012,4/28/2020 8:36,4/28/2020 8:52,0,0,0,0,0,0,0,0,0,0,0,0,0,0,0,0,0,0,0,0,0,0,0,0,0,0,0,0,0,0,
Conservancy,serena.s,S2,1.47,Never,2/17/2012,4/28/2020 8:27,4/28/2020 8:32,0,0,0,0,0,0,0,0,0,0,0,0,0,25,0,0,0,0,0,0,0,0,0,0,0,0,0,0,0,0,
Conservancy,serena.n,RSP,3.22,Never,2/21/2012,4/28/2020 8:25,4/28/2020 8:40,0,0,0,0,0,2,0,0,0,3,0,0,0,18,34,5,0,0,0,7,0,0,0,0,0,0,0,0,0,0,
Narok,talek.w,WHIGH,4,Never,2/22/2012,4/28/2020 7:50,4/28/2020 8:08,0,0,0,0,0,0,0,0,0,0,0,0,0,66,8,0,0,0,4,0,0,0,0,0,0,0,0,0,0,0,
Narok,talek.w,WLOW,4,Never,2/22/2012,4/28/2020 8:18,4/28/2020 8:32,0,0,0,0,0,0,0,7,0,0,0,0,0,50,0,0,0,0,0,0,0,0,0,0,0,0,0,0,0,0,
Narok,talek.w,W3,4,Never,2/22/2012,4/28/2020 8:55,4/28/2020 9:09,0,0,0,0,0,0,0,0,0,0,0,0,0,64,15,12,0,0,19,0,0,0,0,0,0,0,0,0,0,0,
Narok,mara.river,R2,4,Never,2/23/2012,4/28/2020 8:28,4/28/2020 8:42,0,0,0,0,0,0,0,0,0,0,0,4,0,115,19,3,0,0,16,0,0,0,0,0,0,0,0,0,0,0,
Narok,mara.river,R1,4,Never,2/23/2012,4/28/2020 9:00,4/28/2020 9:12,0,0,0,0,0,0,0,0,0,0,0,0,0,6,53,0,0,0,0,0,0,0,0,0,0,0,0,0,0,0,
Conservancy,happy.zebra,SST,5.4,NotBurned,3/6/2012,4/28/2020 7:47,4/28/2020 8:12,0,2,0,1,0,0,0,0,0,0,0,0,0,0,1,0,0,0,0,3,0,0,0,0,0,0,0,0,0,0,
Narok,talek.w,W3,4,Never,3/8/2012,4/28/2020 7:23,4/28/2020 7:33,0,0,0,0,0,0,0,0,0,32,0,0,0,76,15,0,0,0,0,0,0,0,0,0,0,0,0,0,0,0,
Conservancy,serena.n,RSP,3.22,Never,3/8/2012,4/28/2020 8:17,4/28/2020 8:30,0,0,0,0,0,0,0,0,0,29,0,0,0,38,5,5,0,0,12,5,0,0,0,0,0,0,0,0,0,0,
Conservancy,serena.s,S2,1.47,Never,3/10/2012,4/28/2020 7:44,4/28/2020 7:49,0,0,0,0,0,0,0,0,0,1,0,0,0,2,0,2,0,3,0,2,0,0,0,0,0,0,0,0,0,0,
Narok,talek.w,WLOW,4,Never,3/10/2012,4/28/2020 7:40,4/28/2020 7:52,0,0,0,0,0,0,9,0,0,1,0,0,0,226,33,1,0,1,0,0,0,0,0,0,0,0,0,0,0,0,
Conservancy,serena.s,S1,3.41,Never,3/10/2012,4/28/2020 7:54,4/28/2020 8:09,0,3,0,0,0,0,0,0,0,0,0,0,0,0,0,0,0,0,0,3,0,0,0,0,0,0,0,0,0,0,
Narok,talek.w,WHIGH,4,Never,3/10/2012,4/28/2020 7:23,4/28/2020 7:32,0,0,0,0,0,0,1,13,0,0,0,0,0,0,0,0,0,0,0,0,0,0,0,0,0,0,0,0,0,0,
Narok,mara.river,R1,4,Never,3/11/2012,4/28/2020 7:12,4/28/2020 7:20,0,0,0,0,0,0,0,0,0,0,0,0,0,8,2,4,0,0,0,0,0,0,0,0,0,0,0,0,0,0,
Narok,mara.river,R2,4,Never,3/11/2012,4/28/2020 7:48,4/28/2020 8:10,0,1,0,1,0,0,0,0,0,28,0,0,0,115,105,2,0,0,4,0,0,0,0,0,0,0,0,0,0,0,
Narok,talek.w,W3,4,Never,3/16/2012,4/28/2020 7:04,4/28/2020 7:18,0,0,0,0,0,0,0,0,0,15,0,0,0,151,57,0,0,0,0,0,0,0,0,0,0,0,0,139,0,0,
Conservancy,happy.zebra,SST,5.4,NotBurned,3/16/2012,4/28/2020 8:45,4/28/2020 9:04,0,0,0,0,0,0,0,0,0,0,0,0,0,0,0,0,0,0,0,0,0,0,0,0,0,0,0,0,0,0,
Narok,talek.w,WHIGH,4,Never,3/17/2012,4/28/2020 7:32,4/28/2020 7:43,0,0,0,0,0,0,0,0,0,0,0,0,0,0,3,0,0,0,0,0,0,0,0,0,0,0,0,0,0,0,
Narok,talek.w,WLOW,4,Never,3/17/2012,4/28/2020 7:52,4/28/2020 8:06,0,0,0,0,0,0,2,0,0,2,0,0,0,187,26,0,0,0,0,0,0,0,0,0,0,0,0,0,0,0,
Conservancy,serena.n,RSP,3.22,Never,3/18/2012,4/28/2020 8:15,4/28/2020 8:27,0,0,0,0,0,0,0,0,0,47,0,0,0,19,8,3,0,0,0,3,0,0,0,0,0,0,0,0,0,0,
Conservancy,serena.s,S2,1.47,Never,3/20/2012,4/28/2020 7:37,4/28/2020 7:46,0,0,0,0,0,0,0,0,0,2,0,0,0,1,0,0,0,0,0,0,0,0,0,0,0,0,0,0,0,0,
Conservancy,serena.s,S1,3.41,Never,3/20/2012,4/28/2020 7:51,4/28/2020 8:09,0,11,0,0,0,0,0,0,0,0,0,0,0,0,0,0,0,0,0,11,0,0,0,0,0,0,0,0,0,0,
Narok,mara.river,R1,4,Never,3/23/2012,4/28/2020 8:37,4/28/2020 8:43,0,0,0,0,0,0,0,0,0,1,0,0,0,3,0,0,0,0,0,0,0,0,0,0,0,0,0,0,0,0,
Narok,mara.river,R2,4,Never,3/23/2012,4/28/2020 8:05,4/28/2020 8:29,0,0,0,0,0,0,0,0,0,16,0,0,0,128,138,2,0,0,0,0,0,0,0,0,0,0,0,0,0,0,
Conservancy,serena.s,S2,1.47,Never,4/2/2012,4/28/2020 7:49,4/28/2020 7:56,0,0,0,0,0,0,0,0,0,0,0,0,0,10,0,0,0,0,0,0,0,0,0,0,0,0,0,0,0,0,
Conservancy,serena.s,S1,3.41,Never,4/2/2012,4/28/2020 8:03,4/28/2020 8:19,0,11,0,0,0,0,0,0,0,1,0,0,0,0,0,1,2,0,0,14,0,0,0,0,0,0,0,0,0,0,
Conservancy,happy.zebra,SST,5.4,NotBurned,4/4/2012,4/28/2020 8:30,4/28/2020 8:54,0,0,0,0,0,0,0,0,0,0,0,0,0,0,0,0,0,0,0,0,0,0,0,0,0,0,0,0,0,0,
Narok,talek.w,W3,4,Never,4/10/2012,4/28/2020 7:08,4/28/2020 7:26,0,0,0,0,0,1,0,0,0,8,0,0,0,73,52,5,0,0,0,0,0,0,0,0,0,0,0,0,0,0,
Conservancy,serena.n,RSP,3.22,Never,4/12/2012,4/28/2020 8:18,4/28/2020 8:33,0,7,0,0,0,0,0,0,0,14,0,1,0,13,11,4,0,0,0,12,0,0,0,0,0,0,0,0,0,0,
Narok,talek.w,WLOW,4,Never,4/12/2012,4/28/2020 7:57,4/28/2020 8:13,0,0,0,0,0,0,0,0,0,1,0,0,0,225,25,0,0,0,5,0,0,0,0,0,0,0,0,0,0,0,
Narok,talek.w,WHIGH,4,Never,4/12/2012,4/28/2020 7:28,4/28/2020 7:44,0,127,0,0,0,0,3,3,0,0,0,0,0,0,0,0,0,0,0,0,0,0,0,0,0,0,0,0,0,0,
Narok,talek.w,W3,4,Never,4/17/2012,4/28/2020 7:21,4/28/2020 7:34,0,0,0,0,0,0,0,0,0,9,0,0,0,52,97,0,0,0,0,0,0,0,0,0,0,0,0,0,0,0,
Conservancy,serena.s,S2,1.47,Never,4/27/2012,4/28/2020 8:45,4/28/2020 8:50,0,4,0,0,0,0,0,0,0,0,0,0,0,6,3,0,0,0,0,4,0,0,0,0,0,0,0,0,0,0,
Narok,talek.w,WHIGH,4,Never,5/15/2012,4/28/2020 7:01,4/28/2020 7:14,0,0,0,0,0,0,0,0,0,0,0,0,0,0,0,0,0,0,0,0,0,0,0,0,0,0,0,0,0,0,
Narok,talek.w,W3,4,Never,5/25/2012,4/28/2020 7:00,4/28/2020 7:30,0,1,0,0,0,0,0,0,0,19,0,0,0,99,47,0,0,0,0,0,0,0,0,0,0,0,0,0,0,0,
Narok,talek.w,WHIGH,4,Never,5/27/2012,4/28/2020 7:31,4/28/2020 7:47,0,0,0,0,0,0,0,0,0,0,0,0,0,0,0,0,0,0,0,0,0,0,0,0,0,0,0,0,0,0,
Narok,talek.w,WLOW,4,Never,5/30/2012,4/28/2020 7:20,4/28/2020 7:42,0,0,0,0,16,0,8,3,0,46,0,0,0,7,10,0,0,0,0,0,0,0,0,0,0,0,0,0,0,0,
Conservancy,serena.s,S2,1.47,Never,5/31/2012,4/28/2020 8:04,4/28/2020 8:12,0,48,0,0,0,0,0,0,0,8,0,0,0,11,43,0,0,0,0,48,0,0,0,0,0,0,0,0,0,0,
Conservancy,serena.s,S2,1.47,Never,6/5/2012,4/28/2020 8:21,4/28/2020 8:36,0,2,0,0,0,0,0,0,0,0,0,0,0,0,25,0,0,0,0,2,0,0,0,0,0,0,0,0,0,0,
Narok,talek.w,WLOW,4,Never,6/11/2012,4/28/2020 7:46,4/28/2020 8:07,0,0,0,0,0,0,0,0,0,0,0,0,0,0,0,0,0,0,0,0,0,0,0,0,0,0,0,0,0,0,
Narok,talek.w,WHIGH,4,Never,6/11/2012,4/28/2020 7:15,4/28/2020 7:28,0,0,0,0,0,0,0,0,0,0,0,0,0,0,0,0,0,0,0,0,0,0,0,0,0,0,0,0,0,0,
Narok,talek.w,W3,4,Never,6/12/2012,4/28/2020 7:23,4/28/2020 8:07,0,0,0,0,0,0,0,0,0,0,0,0,0,0,0,0,0,0,0,0,0,0,0,0,0,0,0,0,0,0,
Narok,talek.w,WLOW,4,Never,6/17/2012,4/28/2020 7:34,4/28/2020 7:51,0,0,0,0,0,0,1,0,0,0,0,0,0,0,6,0,0,0,0,0,0,0,0,0,0,0,0,0,0,0,
Narok,talek.w,WHIGH,4,Never,6/17/2012,4/28/2020 7:00,4/28/2020 7:14,0,0,0,0,10,0,0,1,0,0,0,0,0,0,0,0,0,0,0,0,0,0,0,0,0,0,0,0,0,0,
Conservancy,serena.s,S2,1.47,Never,6/21/2012,4/28/2020 7:31,4/28/2020 7:49,0,0,0,0,0,0,0,0,0,0,0,0,0,0,11,0,0,0,0,0,0,0,0,0,0,0,0,0,0,0,
Narok,mara.river,R1,4,Never,6/22/2012,4/28/2020 8:50,4/28/2020 8:56,0,0,0,0,0,0,0,0,0,0,0,0,0,0,0,0,0,0,0,0,0,0,0,0,0,0,0,0,0,0,
Narok,mara.river,R2,4,Never,6/22/2012,4/28/2020 8:16,4/28/2020 8:32,0,0,0,0,0,0,0,0,0,32,0,0,0,111,59,1,1,0,0,0,0,0,0,0,0,0,0,0,0,0,
Narok,talek.w,W3,4,Never,6/26/2012,4/28/2020 7:09,4/28/2020 7:29,0,0,0,0,0,0,3,0,0,4,0,0,0,37,52,0,0,0,0,0,0,0,0,0,0,0,0,0,0,0,
Narok,talek.w,W3,4,Never,7/2/2012,4/28/2020 7:25,4/28/2020 7:51,0,0,0,0,0,0,3,0,0,50,0,0,0,65,110,0,0,1,0,0,0,0,0,0,0,0,0,234,0,0,
Conservancy,serena.s,S2,1.47,Never,7/3/2012,4/28/2020 7:41,4/28/2020 7:49,0,0,0,0,0,0,0,0,0,3,0,0,0,7,24,0,0,0,0,0,0,0,0,0,0,0,0,0,0,0,
Narok,talek.w,WHIGH,4,Never,7/5/2012,4/28/2020 7:56,4/28/2020 8:06,0,0,0,0,0,0,0,0,0,0,0,0,0,0,0,0,0,0,0,0,0,0,0,0,0,0,0,0,0,0,
Narok,talek.w,WLOW,4,Never,7/5/2012,4/28/2020 8:20,4/28/2020 8:46,0,0,0,0,0,0,3,0,0,59,0,0,0,306,49,0,0,0,0,37,0,0,0,0,0,0,0,0,0,0,
Narok,mara.river,R1,4,Never,7/9/2012,4/28/2020 8:32,4/28/2020 8:41,0,0,0,0,0,0,0,0,0,0,0,0,0,0,0,0,0,7,0,0,0,0,0,0,0,0,0,0,0,0,
Narok,mara.river,R2,4,Never,7/9/2012,4/28/2020 8:04,4/28/2020 8:15,0,0,0,0,0,0,0,0,0,47,0,0,0,55,7,0,0,0,0,0,0,0,0,0,0,0,0,0,0,0,
Conservancy,serena.s,S1,3.41,Never,7/10/2012,4/28/2020 8:34,4/28/2020 8:57,0,0,0,0,0,0,0,0,0,0,0,0,0,0,0,0,0,0,0,0,0,0,0,0,0,0,0,0,0,0,
Narok,talek.w,WHIGH,4,Never,7/16/2012,4/28/2020 7:35,4/28/2020 7:50,0,0,0,0,0,0,0,0,0,0,0,0,0,0,0,0,0,0,0,0,0,0,0,0,0,0,0,0,0,0,
Narok,talek.w,WLOW,4,Never,7/16/2012,4/28/2020 8:01,4/28/2020 8:21,0,0,0,0,0,0,1,0,0,0,0,0,0,310,165,0,0,0,38,0,0,0,0,0,0,0,0,0,0,0,
Conservancy,serena.s,S1,3.41,Never,7/16/2012,4/28/2020 8:01,4/28/2020 8:20,0,1,0,0,0,0,0,0,0,0,0,0,0,0,0,0,0,0,0,0,0,0,0,0,0,0,0,0,0,0,
Conservancy,serena.s,S2,1.47,Never,7/17/2012,4/28/2020 8:19,4/28/2020 8:26,0,0,0,0,0,0,0,0,0,0,0,0,0,29,3,0,0,0,0,0,0,0,0,0,0,0,0,0,0,0,
Narok,talek.w,W3,4,Never,7/18/2012,4/28/2020 7:57,4/28/2020 8:19,0,0,0,0,0,0,6,0,0,70,0,0,0,136,192,0,0,84,8,0,0,0,0,0,0,0,0,180,0,0,
Narok,mara.river,R2,4,Never,7/27/2012,4/28/2020 8:25,4/28/2020 8:38,0,0,0,0,0,0,0,0,0,1,0,0,0,40,4,12,0,0,0,0,0,0,0,0,0,0,0,0,0,0,
Narok,mara.river,R1,4,Never,7/27/2012,4/28/2020 8:46,4/28/2020 8:53,0,0,0,0,0,0,2,0,0,0,0,0,0,0,47,0,0,0,8,0,0,0,0,0,0,0,0,0,0,0,
Conservancy,happy.zebra,SST,5.4,NotBurned,7/28/2012,4/28/2020 8:25,4/28/2020 9:03,0,1,0,0,12,0,0,0,0,0,0,0,0,0,3,0,0,0,0,0,0,0,0,0,0,0,0,0,0,0,Burn was occuring within about 2km of transect
Conservancy,serena.n,RSP,3.22,Never,7/29/2012,4/28/2020 8:51,4/28/2020 9:14,0,1,0,0,0,0,0,0,0,9,0,2,0,32,32,4,0,0,0,0,0,0,0,0,0,0,0,0,0,0,
Conservancy,serena.s,S2,1.47,Never,8/3/2012,4/28/2020 7:19,4/28/2020 7:27,0,0,0,0,0,0,0,0,0,1,0,0,0,15,0,0,0,0,0,0,0,0,0,0,0,0,0,0,0,0,
Narok,talek.w,W3,4,Never,8/4/2012,4/28/2020 8:00,4/28/2020 8:18,0,0,0,0,0,0,0,0,0,1,0,1,0,109,13,5,0,429,8,0,0,0,0,0,0,0,0,0,0,0,
Conservancy,serena.s,S1,3.41,Never,8/5/2012,4/28/2020 7:03,4/28/2020 7:22,0,0,0,0,0,0,0,2,0,0,0,0,0,0,0,0,0,0,2,0,0,0,0,0,0,0,0,0,0,0,
Conservancy,happy.zebra,SST,5.4,NotBurned,8/5/2012,,,0,1,0,0,0,0,0,0,0,0,0,0,0,0,3,0,0,0,0,0,0,0,0,0,0,0,0,0,0,0,
Conservancy,serena.n,RSP,3.22,Never,8/5/2012,4/28/2020 7:44,4/28/2020 8:02,0,6,0,0,0,0,0,0,0,6,0,0,0,30,9,2,0,27,38,0,0,0,0,0,0,0,0,0,0,0,
Narok,talek.w,WLOW,4,Never,8/7/2012,4/28/2020 8:09,4/28/2020 8:27,0,0,0,0,0,0,0,12,0,0,0,0,0,215,65,0,0,16,16,0,0,0,0,0,0,0,0,0,0,0,
Narok,talek.w,WHIGH,4,Never,8/7/2012,4/28/2020 7:46,4/28/2020 8:00,0,0,0,0,0,3,1,0,0,0,0,0,0,0,0,0,0,0,104,0,0,0,0,0,0,0,0,0,0,0,
Narok,mara.river,R1,4,Never,8/15/2012,4/28/2020 8:50,4/28/2020 8:57,0,0,0,0,0,0,0,0,0,0,0,0,0,16,2,2,0,0,0,0,0,0,0,0,0,0,0,0,0,0,
Narok,mara.river,R2,4,Never,8/15/2012,4/28/2020 8:30,4/28/2020 8:41,0,0,0,0,0,0,0,0,0,2,0,0,0,41,13,9,0,0,0,0,0,0,0,0,0,0,0,0,0,0,
Conservancy,happy.zebra,SST,5.4,NotBurned,8/19/2012,4/28/2020 9:05,4/28/2020 9:34,0,0,0,0,2,0,0,0,0,0,0,0,0,0,18,0,0,1,5,0,0,0,0,0,0,0,0,0,0,0,
Narok,mara.river,R2,4,Never,8/19/2012,4/28/2020 7:53,4/28/2020 8:03,0,0,0,0,0,0,0,0,0,4,0,0,0,49,1,3,0,0,0,0,0,0,0,0,0,0,0,0,0,0,
Narok,mara.river,R1,4,Never,8/19/2012,4/28/2020 8:13,4/28/2020 8:19,0,0,0,0,0,0,0,0,0,0,0,0,0,1,9,1,0,0,0,0,0,0,0,0,0,0,0,0,0,0,
Narok,talek.w,W3,4,Never,8/20/2012,4/28/2020 7:39,4/28/2020 8:05,0,0,0,0,0,0,0,0,0,0,0,0,0,15,3,6,0,1207,0,0,0,0,0,0,0,0,0,0,0,0,
Conservancy,serena.n,North,3,Never,8/25/2012,4/28/2020 7:58,4/28/2020 8:13,0,0,0,0,9,0,0,0,0,59,0,0,0,50,9,3,2,0,56,0,0,0,0,0,0,0,0,0,0,0,
Narok,talek.w,WLOW,4,Never,8/25/2012,4/28/2020 8:04,4/28/2020 8:20,0,0,0,0,0,0,0,0,0,0,0,0,0,8,0,0,0,0,0,0,0,0,0,0,0,0,0,0,0,0,
Narok,talek.w,WHIGH,4,Never,8/25/2012,4/28/2020 7:33,4/28/2020 7:55,0,0,0,0,0,0,8,0,0,9,0,0,0,75,1,0,0,310,0,0,0,0,0,0,0,0,0,0,0,0,
Narok,talek.w,W3,4,Never,9/3/2012,4/28/2020 8:36,4/28/2020 8:54,0,0,0,0,0,0,0,0,0,1,0,1,0,47,4,2,0,0,0,0,0,2,0,0,0,0,0,0,0,0,
Conservancy,happy.zebra,HZT,2,Never,9/11/2012,4/28/2020 7:17,4/28/2020 7:25,0,0,0,0,2,0,0,0,0,0,0,0,0,0,7,0,0,0,0,0,0,0,0,0,0,3,0,0,0,0,
Conservancy,serena.n,RSP,3.22,Never,9/11/2012,4/28/2020 8:13,4/28/2020 8:27,0,0,0,0,0,0,0,0,0,6,0,0,0,12,5,4,0,3,0,0,0,0,0,0,0,0,0,0,0,0,
Conservancy,happy.zebra,SST,5.4,NotBurned,9/11/2012,4/28/2020 7:43,4/28/2020 8:04,0,0,0,0,0,0,0,0,0,0,0,0,0,72,10,0,0,0,8,0,0,0,0,0,0,0,0,0,0,0,"""3 topi in burn, all Tommy's in burn""; 3 topi in burn, all Tommy's in burn"
Conservancy,serena.n,North,3,Never,9/13/2012,4/28/2020 6:53,4/28/2020 7:04,0,0,0,0,0,0,0,0,0,18,0,0,0,6,0,0,28,0,7,0,0,0,0,0,0,0,0,0,0,0,
Conservancy,serena.s,S1,3.41,Never,9/13/2012,4/28/2020 8:00,4/28/2020 8:13,0,24,0,0,0,0,0,0,0,0,0,0,0,0,2,0,0,0,10,0,0,0,0,0,0,0,0,0,0,0,
Narok,mara.river,R2,4,Never,9/14/2012,4/28/2020 8:24,4/28/2020 8:34,0,2,0,0,0,0,0,0,0,8,0,0,0,50,26,1,0,2,9,0,0,0,0,0,0,0,0,0,0,0,
Conservancy,serena.n,RSP,3.22,Never,9/16/2012,4/28/2020 8:12,4/28/2020 8:33,0,0,0,0,0,0,0,0,0,5,0,0,0,5,6,3,0,0,0,0,0,2,0,0,0,0,0,0,0,0,
Narok,talek.w,W3,4,Never,9/17/2012,4/28/2020 8:44,4/28/2020 9:00,0,0,0,0,0,0,0,0,0,31,0,0,0,88,22,7,0,10,0,0,0,0,0,0,0,0,0,0,0,0,
Conservancy,serena.s,S1,3.41,Never,9/20/2012,4/28/2020 7:59,4/28/2020 8:20,0,223,0,0,0,0,0,0,0,0,0,1,0,0,0,0,0,0,0,0,0,0,0,0,0,0,0,0,0,0,
Conservancy,serena.s,S2,1.47,Never,9/20/2012,4/28/2020 7:44,4/28/2020 7:53,0,0,0,0,0,0,0,12,0,0,0,1,0,0,2,0,0,0,6,0,0,0,0,0,0,0,0,0,0,0,
Narok,mara.river,R1,4,Never,9/22/2012,4/28/2020 8:43,4/28/2020 8:50,0,0,0,0,0,0,2,0,0,0,0,1,0,3,14,1,0,0,85,0,0,0,0,0,0,0,0,0,0,0,
Narok,mara.river,R2,4,Never,9/22/2012,4/28/2020 8:25,4/28/2020 8:35,0,0,0,0,0,0,0,0,0,2,0,0,0,43,92,2,1,2,119,0,0,0,0,0,0,0,0,0,0,0,
Conservancy,serena.n,North,3,Never,9/24/2012,4/28/2020 8:38,4/28/2020 9:01,0,0,0,0,0,0,0,0,0,66,0,0,0,4,72,1,36,0,151,0,0,0,0,0,0,0,0,0,0,0,
Narok,talek.w,WHIGH,4,Never,9/25/2012,4/28/2020 8:09,4/28/2020 8:43,0,0,0,0,0,0,6,6,0,0,0,0,0,7,41,0,0,22,74,0,0,0,0,0,0,1,0,0,0,0,
Narok,talek.w,WLOW,4,Never,9/25/2012,4/28/2020 7:37,4/28/2020 7:56,0,0,0,0,0,0,0,0,0,0,0,0,0,49,4,0,0,172,13,0,0,0,0,0,0,0,0,0,0,0,
Conservancy,happy.zebra,HZT,2,Never,9/26/2012,4/28/2020 7:49,4/28/2020 8:04,0,0,0,0,0,0,0,0,0,0,0,0,0,0,11,1,0,0,182,0,0,0,0,0,0,0,0,0,0,0,
Conservancy,happy.zebra,SST,5.4,NotBurned,9/26/2012,4/28/2020 7:11,4/28/2020 7:39,0,0,0,0,0,0,0,0,0,0,0,0,0,28,42,0,0,12,39,0,0,0,0,0,0,0,0,0,0,0,all tommie (28) were in burn; 10 topi were in burn
Conservancy,happy.zebra,HZT,2,Never,10/1/2012,4/28/2020 8:32,4/28/2020 8:40,0,0,0,0,0,0,0,0,0,0,0,0,0,0,0,0,0,31,164,0,0,0,0,0,0,0,0,0,0,0,
Conservancy,serena.s,S1,3.41,Never,10/2/2012,4/28/2020 8:26,4/28/2020 8:45,0,0,0,0,0,0,0,0,0,0,0,0,0,0,5,4,0,0,0,0,0,0,0,0,0,0,0,0,0,0,
Conservancy,serena.s,S2,1.47,Never,10/2/2012,4/28/2020 8:10,4/28/2020 8:19,0,0,0,0,0,0,0,0,0,2,0,2,0,1,39,0,0,0,52,0,0,0,0,0,0,0,0,0,0,0,
Narok,talek.w,W3,4,Never,10/2/2012,4/28/2020 7:40,4/28/2020 8:06,0,0,0,0,0,0,0,0,0,53,0,0,0,95,68,8,0,52,18,0,11,0,0,0,0,0,0,0,0,0,
Narok,talek.w,WHIGH,4,Never,10/3/2012,4/28/2020 8:32,4/28/2020 8:48,0,0,0,0,0,0,0,0,0,0,0,0,0,0,3,0,0,0,0,0,0,0,0,2,0,0,0,0,0,0,
Narok,talek.w,WLOW,4,Never,10/3/2012,4/28/2020 8:59,4/28/2020 9:24,0,0,0,0,0,0,2,0,0,0,0,0,0,59,3,0,0,197,12,0,0,0,0,0,0,0,0,0,0,0,
Conservancy,happy.zebra,SST,5.4,NotBurned,10/5/2012,4/28/2020 8:33,4/28/2020 9:01,0,0,0,0,0,0,1,0,0,0,0,0,0,29,27,0,0,2,223,0,0,0,0,0,0,0,0,0,0,0,"""2 zebras in burn, all (29) Tommy's in burn, 2 topis in burn, Grant gazelle (1) in burn""; 2 zebras in burn, all (29) Tommy's in burn, 2 topis in burn, Grant gazelle (1) in burn"
Conservancy,serena.n,North,3,Never,10/6/2012,4/28/2020 7:57,4/28/2020 8:16,0,1,0,0,0,0,0,0,0,38,0,0,0,35,8,0,48,0,53,0,0,0,0,0,0,0,0,0,0,0,
Conservancy,serena.n,RSP,3.22,Never,10/6/2012,4/28/2020 8:23,4/28/2020 8:41,0,0,0,0,0,0,0,0,0,27,0,0,0,4,2,2,0,1,0,0,0,0,0,0,0,0,0,0,0,0,
Narok,mara.river,R1,4,Never,10/11/2012,4/28/2020 8:28,4/28/2020 8:35,0,0,0,0,0,0,0,0,0,0,0,0,0,15,50,1,0,10,223,0,0,0,0,0,0,0,0,0,0,0,
Narok,mara.river,R2,4,Never,10/11/2012,4/28/2020 7:17,4/28/2020 7:46,0,0,0,0,0,0,0,0,0,2,0,0,0,107,18,6,0,33,9,0,13,0,0,0,0,1,0,0,0,0,
Conservancy,serena.n,North,3,Never,10/15/2012,4/28/2020 7:11,4/28/2020 7:30,12,0,0,0,0,0,0,0,0,52,0,0,0,16,22,0,8,13,36,0,0,0,0,0,0,0,0,0,0,0,
Conservancy,serena.n,RSP,3.22,Never,10/15/2012,4/28/2020 7:37,4/28/2020 7:56,0,4,0,0,0,0,0,0,1,12,0,0,0,51,11,0,0,74,6,0,0,0,0,0,0,0,0,0,0,0,
Conservancy,happy.zebra,HZT,2,Never,10/16/2012,4/28/2020 8:39,4/28/2020 8:48,0,0,0,0,0,0,0,0,0,0,0,0,0,0,4,0,0,7,0,0,0,0,0,0,0,0,0,0,0,0,
Conservancy,happy.zebra,SST,5.4,NotBurned,10/16/2012,4/28/2020 7:24,4/28/2020 8:06,0,0,0,0,0,0,0,0,0,0,0,0,0,1,0,0,0,6009,100,0,0,0,0,0,0,0,0,0,0,0,
Conservancy,serena.s,S1,3.41,Never,10/17/2012,4/28/2020 8:39,4/28/2020 9:02,0,0,0,0,0,0,0,0,0,0,0,0,0,0,3,0,0,2404,409,0,0,0,0,0,0,0,0,0,0,0,
Conservancy,serena.s,S2,1.47,Never,10/17/2012,4/28/2020 8:21,4/28/2020 8:32,0,0,0,0,0,0,0,0,0,0,0,0,0,0,0,0,0,1526,150,0,0,0,0,0,0,0,0,0,0,0,
Narok,talek.w,WHIGH,4,Never,10/18/2012,4/28/2020 8:06,4/28/2020 8:19,0,0,0,0,0,0,8,0,0,0,0,0,0,4,6,0,1,0,10,0,11,0,0,0,0,0,0,0,0,0,
Narok,talek.w,WLOW,4,Never,10/18/2012,4/28/2020 8:27,4/28/2020 8:41,0,0,0,0,0,0,0,0,0,0,0,0,0,41,4,0,0,0,0,0,0,0,0,0,0,0,0,0,0,0,
Narok,mara.river,R1,4,Never,10/19/2012,4/28/2020 8:08,4/28/2020 8:18,0,0,0,0,0,0,0,0,0,0,0,0,0,16,13,0,0,674,10,0,0,0,0,0,0,0,0,0,0,0,
Narok,mara.river,R2,4,Never,10/19/2012,4/28/2020 8:21,4/28/2020 8:35,5,0,0,1,0,0,0,0,0,2,0,1,0,72,7,0,0,901,8,0,0,0,0,0,0,0,0,0,0,0,
Narok,talek.w,W3,4,Never,10/20/2012,4/28/2020 8:27,4/28/2020 8:42,0,0,0,0,0,0,0,0,0,50,0,0,0,161,22,3,0,82,44,0,0,0,0,0,0,0,0,0,0,0,
Conservancy,serena.n,North,3,Never,10/23/2012,4/28/2020 8:37,4/28/2020 8:59,0,1,0,0,0,0,0,0,0,4,0,0,0,49,76,2,1,14,294,0,0,0,0,0,0,0,0,0,0,0,
Conservancy,serena.n,RSP,3.22,Never,10/23/2012,4/28/2020 8:50,4/28/2020 9:06,0,0,0,0,0,0,0,0,0,37,0,0,0,37,5,2,0,14,32,0,0,0,0,0,0,0,0,0,0,0,
Conservancy,serena.n,RSP,3.22,Never,11/4/2012,4/28/2020 8:48,4/28/2020 9:00,0,4,0,0,0,0,0,0,0,0,0,0,0,2,5,2,0,0,9,0,0,0,0,0,0,0,0,0,0,0,
Conservancy,happy.zebra,SST,5.4,NotBurned,11/4/2012,4/28/2020 8:17,4/28/2020 8:41,0,0,0,0,0,0,0,0,0,0,0,0,0,3,2,0,0,417,173,0,0,0,0,0,0,0,0,0,0,0,"""268 wildebeest in burned area, 149 in unburned; all zebra/topi in unburned area; all tommie in burned area""; 268 wildebeest in burned area, 149 in unburned; all zebra/topi in unburned area; all tommie in burned area"
Narok,talek.w,W3,4,Never,11/4/2012,4/28/2020 7:50,4/28/2020 8:08,0,3,0,0,0,0,0,0,0,3,0,0,0,60,46,0,0,98,22,0,0,0,0,0,0,0,0,0,0,0,
Conservancy,serena.s,S1,3.41,Never,11/5/2012,4/28/2020 8:41,4/28/2020 8:55,0,0,0,1,0,0,0,0,0,0,0,0,0,0,17,1,0,0,32,0,0,0,0,0,0,0,0,0,0,0,
Conservancy,serena.s,S2,1.47,Never,11/5/2012,4/28/2020 8:33,4/28/2020 8:37,0,0,0,0,7,0,0,0,0,0,0,0,0,3,0,0,0,0,33,0,0,0,0,0,0,0,0,0,0,0,
Narok,talek.w,WHIGH,4,Never,11/7/2012,4/28/2020 7:50,4/28/2020 8:03,0,0,0,0,0,0,0,0,0,0,0,1,0,0,2,0,0,108,8,0,0,0,0,0,0,0,0,0,0,0,
Narok,talek.w,WLOW,4,Never,11/7/2012,4/28/2020 8:11,4/28/2020 8:27,0,1,0,0,0,0,1,0,0,0,0,0,0,66,1,0,0,121,0,0,0,0,0,0,0,0,0,0,0,0,
Conservancy,happy.zebra,HZT,2,Never,11/8/2012,4/28/2020 7:59,4/28/2020 8:06,0,0,0,0,0,0,0,0,0,0,0,0,0,0,1,3,0,0,0,0,0,0,0,0,0,0,0,0,0,0,
Narok,mara.river,R1,4,Never,11/11/2012,4/28/2020 7:48,4/28/2020 8:09,0,0,0,0,0,0,0,0,0,88,0,0,0,16,42,0,0,0,13,0,0,0,0,0,0,4,0,0,0,0,We paused this prey census from 0751-0803 in order to identify and record behaviors of the 4 hyenas.
Narok,mara.river,R2,4,Never,11/11/2012,4/28/2020 8:32,4/28/2020 8:45,0,0,0,1,0,0,0,0,0,44,0,0,0,35,109,14,0,0,0,1,0,0,0,0,0,0,0,0,0,0,"""The """"other"""" here is a black rhinoceros!!!!!!"""
Conservancy,serena.n,North,3,Never,11/12/2012,4/28/2020 7:41,4/28/2020 7:51,41,0,0,0,0,0,0,0,0,5,0,0,0,0,5,1,4,0,0,0,0,0,0,0,0,0,0,0,0,0,
Conservancy,serena.s,S1,3.41,Never,11/16/2012,4/28/2020 8:01,4/28/2020 8:14,0,0,0,0,0,0,0,11,0,0,1,0,0,0,12,0,0,0,11,0,0,0,0,0,0,0,0,0,0,0,
Conservancy,serena.s,S2,1.47,Never,11/16/2012,4/28/2020 7:51,4/28/2020 7:57,0,0,0,0,0,0,0,0,0,0,0,0,0,0,3,0,0,0,14,0,13,0,0,0,0,0,0,0,0,0,
Conservancy,happy.zebra,HZT,2,Never,11/17/2012,4/28/2020 6:58,4/28/2020 7:12,0,0,0,0,0,0,0,0,0,0,0,0,0,0,0,5,0,0,90,0,0,0,0,0,0,0,0,0,0,0,
Conservancy,serena.n,RSP,3.22,Never,11/17/2012,4/28/2020 8:09,4/28/2020 8:23,0,5,0,0,0,0,0,0,0,1,0,0,0,5,7,4,0,0,0,0,0,0,0,0,0,0,0,0,0,0,
Conservancy,happy.zebra,SST,5.4,NotBurned,11/17/2012,4/28/2020 7:32,4/28/2020 8:00,0,0,0,0,0,0,0,0,0,0,0,0,0,0,29,0,0,0,105,0,0,0,0,0,0,0,0,0,0,0,
Narok,talek.w,W3,4,Never,11/18/2012,4/28/2020 7:50,4/28/2020 8:11,0,4,0,0,0,0,0,0,0,4,0,0,0,624,75,4,0,8,43,0,0,1,0,0,0,0,0,0,0,0,
Conservancy,serena.n,North,3,Never,11/19/2012,4/28/2020 6:49,4/28/2020 7:01,0,0,0,0,0,0,0,0,0,72,0,0,0,0,0,0,4,0,11,0,0,0,0,0,0,0,0,0,0,0,
Narok,talek.w,WHIGH,4,Never,11/24/2012,4/28/2020 7:52,4/28/2020 8:06,0,0,0,0,0,0,13,0,0,0,0,0,0,63,21,0,0,0,0,0,0,0,0,0,0,0,0,0,0,0,
Narok,talek.w,WLOW,4,Never,11/24/2012,4/28/2020 8:16,4/28/2020 8:31,0,0,0,0,0,0,10,0,0,0,0,0,0,65,0,0,0,0,0,0,0,0,0,0,0,0,0,0,0,0,
Narok,mara.river,R1,4,Never,11/26/2012,4/28/2020 7:28,4/28/2020 7:35,0,0,0,0,0,0,3,0,0,0,0,0,0,21,126,0,0,0,132,16,0,3,0,0,0,0,0,0,0,0,"""The """"other"""" here are people, getting down from a balloon ride."""
Narok,mara.river,R2,4,Never,11/26/2012,4/28/2020 7:38,4/28/2020 7:49,0,0,0,0,0,0,0,0,0,90,0,0,0,107,43,11,0,0,12,0,18,0,2,0,0,0,0,0,0,0,
Conservancy,serena.n,North,3,Never,12/4/2012,4/28/2020 8:14,4/28/2020 8:25,0,0,0,0,0,5,0,0,0,88,0,0,0,45,27,0,42,0,8,0,0,0,0,0,0,0,0,0,0,0,
Conservancy,serena.n,RSP,3.22,Never,12/4/2012,4/28/2020 8:37,4/28/2020 8:50,0,6,0,0,0,0,0,0,0,17,0,0,0,21,14,1,0,0,0,0,0,0,0,0,0,0,0,0,0,0,
Narok,mara.river,R1,4,Never,12/5/2012,4/28/2020 7:39,4/28/2020 7:55,0,0,0,0,0,0,0,0,0,0,0,0,0,17,1,0,0,2,55,0,0,2,0,0,0,0,0,0,0,0,
Narok,mara.river,R2,4,Never,12/5/2012,4/28/2020 7:21,4/28/2020 7:35,0,0,0,0,0,0,0,0,0,94,0,0,0,53,179,19,0,15,26,0,0,2,0,0,0,0,0,0,0,0,
Narok,talek.w,W3,4,Never,12/6/2012,4/28/2020 8:11,4/28/2020 8:24,0,1,0,0,0,0,0,0,0,9,0,0,0,164,23,5,0,1,44,0,0,0,0,0,0,0,0,0,0,0,
Conservancy,happy.zebra,HZT,2,Never,12/9/2012,4/28/2020 8:22,4/28/2020 8:29,0,0,0,0,0,0,0,0,0,0,0,0,0,0,0,3,0,0,0,0,0,0,0,0,0,0,0,0,0,0,
Conservancy,happy.zebra,SST,5.4,NotBurned,12/9/2012,4/28/2020 7:23,4/28/2020 7:45,0,0,0,0,0,0,0,0,0,0,0,0,0,16,33,1,0,0,187,0,0,0,0,0,0,0,0,0,0,0,all tommie were in burned area
Narok,talek.w,WHIGH,4,Never,12/15/2012,4/28/2020 8:03,4/28/2020 8:27,0,0,0,0,0,0,2,0,0,0,0,0,0,11,17,0,0,2,13,0,0,0,0,2,0,0,0,0,0,0,
Narok,talek.w,WLOW,4,Never,12/15/2012,4/28/2020 8:38,4/28/2020 8:54,0,0,0,0,0,0,5,0,0,0,0,0,0,228,4,0,0,2,3,0,0,0,0,0,0,0,0,0,0,0,
Conservancy,serena.n,North,3,Never,12/16/2012,4/28/2020 8:17,4/28/2020 8:31,2,0,0,0,0,0,0,0,0,88,0,0,0,17,3,0,45,0,5,0,16,2,0,0,0,0,0,0,0,0,
Conservancy,serena.n,RSP,3.22,Never,12/16/2012,4/28/2020 8:37,4/28/2020 8:51,0,0,0,0,0,1,0,0,0,24,0,0,0,30,5,10,0,0,35,0,0,0,0,0,0,0,0,0,0,0,
Conservancy,happy.zebra,HZT,2,Never,12/17/2012,4/28/2020 8:15,4/28/2020 8:22,0,0,0,0,0,0,0,0,0,0,0,0,0,0,0,0,0,0,11,0,0,0,0,0,0,0,0,0,0,0,
Conservancy,happy.zebra,SST,5.4,NotBurned,12/17/2012,4/28/2020 7:24,4/28/2020 7:46,0,0,0,2,18,0,0,2,0,0,0,0,0,56,8,1,0,0,44,0,0,0,0,0,0,0,0,0,0,0,"""Tommies (56 in burned area, 0 in unburned area); eland (2 in burned area, 0 in unburned area); zebra (25 in burned area, 19 in unburned area); all the rest in unburned area""; Tommies (56 in burned area, 0 in unburned area); eland (2 in burned area, 0 in unburned area); zebra (25 in burned area, 19 in unburned area); all the rest in unburned area"
Narok,talek.w,WHIGH,4,Never,12/21/2012,4/28/2020 8:00,4/28/2020 8:13,0,0,0,0,0,0,0,0,0,0,0,0,0,40,0,1,0,0,22,0,0,0,0,0,0,0,0,0,0,0,
Narok,talek.w,WLOW,4,Never,12/21/2012,4/28/2020 8:22,4/28/2020 8:36,0,0,0,0,0,0,10,0,0,1,0,0,0,42,16,0,0,0,8,0,0,0,0,0,0,0,0,0,0,0,
Conservancy,serena.s,S1,3.41,Never,12/22/2012,4/28/2020 8:09,4/28/2020 8:22,0,0,0,0,0,0,0,0,0,0,0,0,0,0,0,1,0,0,0,0,0,0,0,0,0,0,0,0,0,0,
Conservancy,serena.s,S2,1.47,Never,12/22/2012,4/28/2020 7:57,4/28/2020 8:02,0,0,0,0,0,0,0,0,0,0,0,0,0,0,2,5,0,0,0,0,0,0,0,0,0,0,0,0,0,0,
Narok,talek.w,W3,4,Never,12/22/2012,4/28/2020 7:41,4/28/2020 7:55,0,0,0,0,0,0,0,0,0,30,0,0,0,40,11,3,0,0,0,0,0,0,0,0,0,0,0,0,0,0,
Conservancy,happy.zebra,HZT,2,Never,1/11/2013,4/28/2020 7:00,4/28/2020 8:08,0,0,0,0,0,0,0,0,0,0,0,0,0,0,0,0,0,0,0,0,0,0,0,0,0,0,0,0,0,0,
Narok,talek.w,W3,4,Never,1/11/2013,4/28/2020 7:31,4/28/2020 7:49,0,0,0,0,0,0,0,0,0,7,0,0,0,64,70,0,3,0,8,0,0,0,0,0,0,1,0,0,0,0,
Narok,talek.w,WHIGH,4,Never,1/14/2013,4/28/2020 7:28,4/28/2020 7:42,0,3,0,0,0,0,0,0,0,0,0,0,0,0,0,0,0,0,0,0,0,0,0,0,0,0,0,0,0,0,
Narok,talek.w,WLOW,4,Never,1/14/2013,4/28/2020 7:52,4/28/2020 8:14,0,0,0,38,0,0,2,0,0,0,0,1,0,261,20,0,0,0,0,0,0,0,0,0,0,0,0,0,0,0,
Narok,mara.river,R1,4,Never,1/15/2013,4/28/2020 7:01,4/28/2020 7:12,0,0,0,0,0,0,0,0,0,0,0,0,0,2,8,0,0,0,0,0,0,3,0,0,0,0,0,0,0,0,
Narok,mara.river,R2,4,Never,1/15/2013,4/28/2020 7:17,4/28/2020 7:34,0,1,0,0,0,0,0,0,0,21,0,0,0,90,43,2,0,0,0,0,0,0,1,0,0,0,0,0,0,0,
Conservancy,happy.zebra,SST,5.4,NotBurned,1/15/2013,4/28/2020 7:14,4/28/2020 7:36,0,0,0,0,0,0,0,0,0,1,0,0,0,1,1,0,0,0,0,0,0,0,0,0,0,0,0,0,0,0,"""Tommie and impala were in the burned area, the topi was not.  We ended this transect at waypoint 4 because the track was too wet.""; Tommie and impala were in the burned area, the topi was not.  We ended this transect at waypoint 4 because the track was too wet."
Conservancy,serena.s,S2,1.47,Never,1/16/2013,4/28/2020 7:54,4/28/2020 8:00,0,0,0,0,0,0,0,0,0,2,0,0,0,11,2,0,0,0,1,0,0,0,0,0,0,0,0,0,0,0,this transect did not get done for the first bimonth because of wet tracks and then car problems
Conservancy,serena.n,North,3,Never,1/17/2013,4/28/2020 7:31,4/28/2020 7:40,0,0,0,0,0,0,0,0,0,30,0,0,0,17,0,0,4,0,0,0,0,0,0,0,0,0,0,0,0,0,
Narok,talek.w,W3,4,Never,1/22/2013,4/28/2020 7:56,4/28/2020 8:08,0,0,0,0,0,0,0,0,0,3,0,0,0,63,16,4,0,0,0,0,0,0,0,0,0,0,0,0,0,0,
Conservancy,happy.zebra,HZT,2,Never,1/23/2013,4/28/2020 7:01,4/28/2020 7:13,0,145,0,0,0,0,0,0,0,0,0,0,0,0,0,0,0,0,0,0,0,0,0,0,0,0,0,0,0,0,the number of buffalo is a rough estimate because they were all running
Conservancy,happy.zebra,SST,5.4,NotBurned,1/23/2013,4/28/2020 7:26,4/28/2020 7:51,0,0,0,0,0,0,0,0,0,0,0,0,0,11,0,0,0,0,0,0,0,0,0,0,0,1,0,0,0,0,All tommie in the burned area; did not record if hyena was (check transcription for location).
Conservancy,serena.n,RSP,3.22,Never,1/24/2013,4/28/2020 8:42,4/28/2020 8:58,0,7,0,0,0,0,0,0,0,0,0,0,0,9,4,6,0,0,0,0,0,0,0,0,0,1,0,0,0,0,this transect did not get done for the first bimonth because of wet tracks
Narok,talek.w,WHIGH,4,Never,1/25/2013,4/28/2020 8:10,4/28/2020 8:22,0,0,0,0,0,0,0,0,0,0,0,0,0,0,0,0,0,0,0,0,0,0,0,2,0,0,0,0,0,0,
Narok,talek.w,WLOW,4,Never,1/25/2013,4/28/2020 8:35,4/28/2020 8:53,0,0,0,0,0,0,4,0,0,0,0,0,0,83,18,0,0,0,0,0,0,0,0,0,0,0,0,0,0,0,
Narok,mara.river,R1,4,Never,1/29/2013,4/28/2020 8:36,4/28/2020 8:45,0,0,0,0,0,0,0,0,0,0,0,0,0,0,0,0,0,0,0,0,0,0,0,0,0,0,0,0,0,0,
Narok,mara.river,R2,4,Never,1/29/2013,4/28/2020 7:51,4/28/2020 8:02,0,0,0,0,0,0,0,0,0,47,0,0,0,26,32,4,0,0,0,0,0,0,0,0,0,0,0,0,0,0,
Conservancy,serena.n,North,3,Never,2/1/2013,4/28/2020 7:46,4/28/2020 7:57,0,1,0,0,0,0,0,0,0,1,0,0,0,6,15,0,4,0,0,0,0,0,0,0,0,0,0,0,0,0,
Conservancy,serena.s,S2,1.47,Never,2/1/2013,4/28/2020 8:22,4/28/2020 8:28,0,1,0,0,0,0,0,0,0,0,0,0,0,1,1,0,0,0,0,0,0,1,0,0,0,0,0,0,0,0,
Conservancy,happy.zebra,HZT,2,Never,2/2/2013,4/28/2020 7:49,4/28/2020 7:58,0,0,0,0,0,0,0,0,0,0,0,0,0,0,0,0,0,0,0,0,0,0,0,0,0,0,0,0,0,0,
Narok,mara.river,R1,4,Never,2/6/2013,4/28/2020 7:54,4/28/2020 8:06,0,0,0,0,0,0,0,0,0,5,0,0,0,57,89,6,7,0,0,0,0,0,0,0,2,0,0,0,0,0,
Narok,mara.river,R2,4,Never,2/6/2013,4/28/2020 8:22,4/28/2020 8:29,0,0,0,0,0,0,0,0,0,0,0,0,0,0,0,0,0,0,0,0,0,0,0,0,0,0,0,0,0,0,
Conservancy,serena.s,S1,3.41,Never,2/7/2013,4/28/2020 7:45,4/28/2020 8:01,0,0,0,3,1,0,0,0,0,0,0,0,0,0,0,0,0,0,0,0,0,0,0,0,0,0,0,0,0,0,this transect did not get done during the month of january because of wet tracks
Narok,talek.w,W3,4,Never,2/7/2013,4/28/2020 7:46,4/28/2020 7:59,0,4,0,0,0,0,0,0,0,2,0,0,0,57,23,4,0,0,0,0,0,0,1,0,0,1,0,0,0,0,
Conservancy,happy.zebra,SST,5.4,NotBurned,2/8/2013,4/28/2020 7:00,4/28/2020 7:29,0,0,0,0,9,0,0,0,0,0,0,0,0,3,3,1,0,0,0,0,0,0,0,0,0,0,0,0,0,0,all tommie and topi were in the burned area; elephants and warthog were in the unburned area.
Narok,talek.w,WHIGH,4,Never,2/9/2013,4/28/2020 7:45,4/28/2020 7:56,0,0,0,0,0,0,0,0,0,0,0,0,0,0,0,0,0,0,0,0,0,0,0,0,0,0,0,0,0,0,
Narok,talek.w,WLOW,4,Never,2/9/2013,4/28/2020 8:05,4/28/2020 8:20,0,0,0,0,0,0,0,0,0,2,0,0,0,85,59,0,0,0,0,0,0,0,0,0,0,0,0,0,0,0,
Conservancy,serena.n,RSP,3.22,Never,2/10/2013,4/28/2020 8:51,4/28/2020 9:11,0,3,0,0,0,0,0,0,0,21,0,0,0,103,19,5,0,0,0,0,0,2,0,0,0,0,0,0,0,0,
Conservancy,happy.zebra,HZT,2,Never,2/16/2013,4/28/2020 7:11,4/28/2020 7:19,0,0,0,0,0,0,0,0,0,0,0,0,0,0,0,0,0,0,0,0,0,0,0,0,0,0,0,0,0,0,
Conservancy,serena.n,North,3,Never,2/16/2013,4/28/2020 8:14,4/28/2020 8:23,0,0,0,0,0,0,0,0,0,40,0,0,0,2,17,3,5,0,0,0,0,0,0,0,0,0,0,0,0,0,
Narok,mara.river,R1,4,Never,2/16/2013,4/28/2020 7:54,4/28/2020 7:59,0,0,0,0,9,0,0,0,0,0,0,0,0,0,0,0,0,0,0,0,0,0,0,0,0,0,0,0,0,0,
Narok,mara.river,R2,4,Never,2/16/2013,4/28/2020 7:39,4/28/2020 7:50,0,0,0,0,0,0,0,0,0,43,0,0,0,39,36,2,0,0,0,0,0,0,0,0,0,0,0,0,0,0,
Conservancy,happy.zebra,SST,5.4,NotBurned,2/16/2013,4/28/2020 7:43,4/28/2020 8:07,0,0,0,0,0,0,0,0,0,0,0,0,0,18,1,0,0,0,0,0,0,0,0,0,0,0,0,0,0,0,tommie were in the burned area; topi in unburned area
Narok,talek.w,W3,4,Never,2/16/2013,4/28/2020 7:37,4/28/2020 7:54,0,1,0,0,0,0,0,0,0,75,0,0,0,137,72,4,0,0,0,0,0,2,0,0,0,0,0,0,0,0,
Conservancy,serena.s,S1,3.41,Never,2/17/2013,4/28/2020 7:59,4/28/2020 8:28,0,0,0,0,0,0,0,0,0,0,0,0,0,0,0,1,0,0,0,0,0,0,0,0,0,0,0,0,0,0,
Conservancy,serena.s,S2,1.47,Never,2/22/2013,4/28/2020 8:25,4/28/2020 8:40,0,0,0,0,0,0,0,0,0,4,0,0,0,53,5,0,0,0,0,0,0,0,0,0,0,0,0,0,0,0,
Conservancy,serena.n,RSP,3.22,Never,2/24/2013,4/28/2020 8:33,4/28/2020 8:56,0,0,0,0,0,0,0,0,0,7,0,5,0,24,10,8,0,0,0,0,0,0,0,0,0,1,0,0,0,0,
Narok,talek.w,WHIGH,4,Never,2/24/2013,4/28/2020 7:51,4/28/2020 8:14,0,0,0,0,0,0,9,0,0,0,0,0,0,0,0,0,0,0,0,0,0,0,0,0,0,1,0,0,0,0,
Narok,talek.w,WLOW,4,Never,2/24/2013,4/28/2020 8:24,4/28/2020 8:43,0,0,0,0,0,0,6,0,0,0,0,0,0,85,8,0,0,0,0,0,0,0,0,0,0,0,0,0,0,0,
Conservancy,serena.s,S1,3.41,Never,3/2/2013,4/28/2020 7:47,4/28/2020 7:59,0,0,0,0,0,0,0,0,0,0,0,0,0,0,0,0,0,0,0,0,0,0,0,0,0,0,0,0,0,0,
Conservancy,serena.s,S2,1.47,Never,3/2/2013,4/28/2020 7:37,4/28/2020 7:42,0,0,0,0,0,0,0,0,0,0,0,0,0,3,0,0,0,12,0,0,0,0,0,0,0,0,0,0,0,0,
Conservancy,happy.zebra,HZT,2,Never,3/3/2013,4/28/2020 7:56,4/28/2020 8:05,0,0,0,0,0,0,0,0,0,0,0,0,0,0,0,0,0,0,0,0,0,0,0,0,0,0,0,0,0,0,
Conservancy,happy.zebra,SST,5.4,NotBurned,3/3/2013,4/28/2020 7:13,4/28/2020 7:50,0,0,0,0,0,0,0,0,0,0,0,0,0,0,0,1,0,0,0,0,0,0,0,0,0,0,0,0,0,0,warthog in unburned area
Conservancy,serena.n,North,3,Never,3/4/2013,4/28/2020 7:50,4/28/2020 7:58,0,0,0,0,0,0,0,0,0,14,0,0,0,1,7,0,2,0,7,0,0,0,0,0,0,0,0,0,0,0,
Narok,mara.river,R1,4,Never,3/4/2013,4/28/2020 7:41,4/28/2020 8:01,0,0,0,0,0,0,0,0,0,6,0,0,0,44,15,13,0,0,0,0,17,0,0,0,0,1,0,0,0,0,I paused this prey census from 07:42-07:48 in order to ID a hyena.
Narok,mara.river,R2,4,Never,3/4/2013,4/28/2020 8:04,4/28/2020 8:11,0,0,0,0,0,0,1,0,0,0,0,0,0,0,2,0,0,0,0,8,0,0,0,0,0,0,0,0,0,0,"""The 8 """"other"""" are people (balloon crew)."""
Conservancy,serena.n,RSP,3.22,Never,3/4/2013,4/28/2020 8:29,4/28/2020 8:42,0,0,0,0,0,0,0,0,0,3,0,0,0,34,11,6,0,0,4,0,0,0,0,0,0,0,0,0,0,0,
Narok,talek.w,WHIGH,4,Never,3/6/2013,4/28/2020 7:58,4/28/2020 8:19,0,3,0,0,0,0,22,4,0,0,0,2,0,47,107,0,0,0,2,0,0,0,0,0,0,0,0,0,0,0,
Narok,talek.w,WLOW,4,Never,3/6/2013,4/28/2020 8:28,4/28/2020 8:42,0,0,0,0,0,0,0,0,0,43,0,0,0,0,1,0,0,0,0,0,0,0,0,0,0,0,0,0,0,0,
Narok,talek.w,W3,4,Never,3/7/2013,4/28/2020 7:54,4/28/2020 8:08,0,0,0,0,0,0,0,0,0,5,0,0,0,49,5,5,0,0,3,0,0,0,0,0,0,0,0,0,0,0,
Conservancy,serena.s,S1,3.41,Never,3/16/2013,4/28/2020 7:53,4/28/2020 8:15,0,2,0,0,0,0,0,0,0,0,0,0,0,0,0,0,0,0,0,0,0,0,0,0,4,0,0,0,0,0,Transect paused from 0802-0809 for location and ID photos for lions.
Conservancy,serena.s,S2,1.47,Never,3/16/2013,4/28/2020 7:43,4/28/2020 7:48,0,0,0,0,0,0,0,0,0,0,0,0,0,1,0,0,0,0,0,0,0,0,0,0,0,0,0,0,0,0,
Conservancy,happy.zebra,HZT,2,Never,3/17/2013,4/28/2020 7:57,4/28/2020 8:04,0,0,0,0,0,0,0,0,0,0,0,0,0,0,0,0,0,0,0,0,0,0,0,0,0,0,0,0,0,0,
Conservancy,happy.zebra,SST,5.4,NotBurned,3/17/2013,4/28/2020 8:25,4/28/2020 8:46,0,0,0,0,0,0,0,0,0,0,0,0,0,0,0,0,0,0,0,0,0,0,0,0,0,0,0,0,0,0,
Narok,mara.river,R1,4,Never,3/19/2013,4/28/2020 8:31,4/28/2020 8:40,0,0,0,0,0,0,0,0,0,0,0,0,0,0,0,0,0,0,0,0,0,0,0,0,0,0,0,0,0,0,
Narok,mara.river,R2,4,Never,3/19/2013,4/28/2020 8:05,4/28/2020 8:16,0,1,0,0,0,0,0,0,0,72,0,0,0,127,51,5,0,0,0,0,0,0,0,0,0,0,0,0,0,0,
Narok,talek.w,W3,4,Never,3/21/2013,4/28/2020 7:10,4/28/2020 7:24,0,0,0,0,0,0,2,0,0,5,0,0,0,43,77,0,0,0,5,0,0,0,0,0,0,1,0,0,0,0,
Narok,talek.w,WHIGH,4,Never,3/22/2013,4/28/2020 8:26,4/28/2020 8:39,0,0,0,0,0,0,0,0,0,0,0,6,0,0,0,0,0,0,0,0,0,0,0,0,0,0,0,0,0,0,
Narok,talek.w,WLOW,4,Never,3/22/2013,4/28/2020 8:03,4/28/2020 8:16,0,0,0,0,0,0,0,0,0,0,0,0,0,31,92,0,0,0,0,0,0,0,0,0,0,0,0,0,0,0,
Narok,talek.w,W3,4,Never,4/4/2013,4/28/2020 7:21,4/28/2020 7:38,0,0,0,0,0,0,0,0,0,3,0,0,0,54,7,0,0,0,18,0,0,0,0,0,0,0,0,0,0,0,
Conservancy,serena.s,S2,1.47,Never,4/14/2013,4/28/2020 7:09,4/28/2020 7:16,0,0,0,0,0,0,0,0,0,7,0,0,0,12,10,0,0,0,0,0,0,0,0,0,0,0,0,0,0,0,
Narok,mara.river,R1,4,Never,4/15/2013,4/28/2020 7:01,4/28/2020 7:14,0,0,0,0,0,0,0,0,0,0,0,0,0,0,5,0,0,0,0,0,0,0,0,0,0,0,0,0,0,0,
Narok,mara.river,R2,4,Never,4/15/2013,4/28/2020 7:24,4/28/2020 7:51,0,5,0,0,0,0,0,0,0,1,0,0,0,32,9,10,0,0,0,0,0,0,0,0,0,3,0,0,0,0,
Narok,talek.w,WHIGH,4,Never,4/15/2013,4/28/2020 7:38,4/28/2020 8:05,0,0,0,0,7,0,0,0,0,0,0,0,0,2,0,0,0,0,0,0,0,0,0,0,4,0,0,0,0,0,
Narok,talek.w,WLOW,4,Never,4/15/2013,4/28/2020 8:14,4/28/2020 8:33,0,0,0,0,0,0,0,0,0,0,0,0,0,149,8,0,0,0,9,0,0,1,0,0,0,0,0,0,0,0,
Narok,mara.river,R1,4,Never,4/17/2013,4/28/2020 7:17,4/28/2020 7:25,0,3,0,0,0,0,0,0,0,0,0,0,0,0,2,0,0,0,0,0,0,0,0,0,0,0,0,0,0,0,
Narok,mara.river,R2,4,Never,4/17/2013,4/28/2020 7:30,4/28/2020 8:01,0,0,0,0,0,0,0,0,0,13,0,0,0,15,10,6,0,0,0,0,0,0,0,0,0,4,0,0,0,0,
Narok,talek.w,WHIGH,4,Never,4/17/2013,4/28/2020 7:38,4/28/2020 7:54,0,0,0,0,0,0,13,0,0,0,0,0,0,0,0,0,0,0,0,0,0,0,0,0,0,0,0,0,0,0,
Narok,talek.w,WLOW,4,Never,4/17/2013,4/28/2020 8:04,4/28/2020 8:21,0,0,0,0,0,0,0,0,0,0,0,0,0,142,23,0,0,0,12,0,0,0,0,0,0,0,0,0,0,0,
Conservancy,serena.s,S2,1.47,Never,4/24/2013,4/28/2020 7:12,4/28/2020 7:17,0,0,0,0,8,0,0,0,0,0,0,0,0,26,33,0,0,0,0,0,0,0,0,0,0,0,0,0,0,0,
Narok,talek.w,W3,4,Never,4/24/2013,4/28/2020 7:38,4/28/2020 7:54,0,1,0,0,0,0,0,0,0,52,0,0,0,241,40,6,1,0,0,0,0,0,0,0,0,1,0,0,0,0,
Conservancy,serena.n,North,3,Never,4/26/2013,4/28/2020 7:38,4/28/2020 7:50,49,15,0,0,1,0,0,0,0,52,0,0,0,7,3,0,15,0,0,0,0,0,0,0,0,0,0,0,0,0,This transect was not done during the first half of April b/c we could not cross the lugga.
Conservancy,serena.n,RSP,3.22,Never,4/26/2013,4/28/2020 8:27,4/28/2020 8:36,0,6,0,0,0,0,0,0,0,23,0,0,0,65,4,3,0,0,0,0,0,0,0,0,0,0,0,0,0,0,This transect was not done during the first half of  April b/c of wet tracks.
Narok,talek.w,WHIGH,4,Never,5/4/2013,4/28/2020 7:11,4/28/2020 7:25,0,0,0,0,5,0,0,0,0,0,0,0,0,0,0,0,0,0,0,0,0,0,0,0,0,0,0,0,0,0,
Narok,talek.w,WLOW,4,Never,5/4/2013,4/28/2020 7:56,4/28/2020 8:15,0,0,0,0,0,0,0,17,0,0,0,3,0,159,21,0,0,0,0,0,0,0,0,0,0,0,0,0,0,0,
Narok,talek.w,W3,4,Never,5/5/2013,4/28/2020 7:35,4/28/2020 7:54,0,2,0,0,0,0,3,0,0,34,0,0,0,190,29,0,0,0,0,0,0,0,0,0,0,0,0,0,0,0,
Narok,mara.river,R1,4,Never,5/7/2013,4/28/2020 7:13,4/28/2020 7:19,0,0,0,0,0,0,0,0,0,0,0,0,0,0,0,0,0,0,0,0,0,0,0,0,0,0,0,0,0,0,"""We believe that these prey censuses are in CEK's notes on his computer, which crashed. He is currently in the process of trying to recover the information so it will be returned as quickly as possible if possible."""
Narok,mara.river,R2,4,Never,5/7/2013,4/28/2020 7:23,4/28/2020 7:34,0,0,0,0,0,0,0,0,0,42,0,0,0,13,7,1,6,0,0,0,0,0,0,0,0,0,0,0,0,0,
Conservancy,serena.n,North,3,Never,5/9/2013,4/28/2020 7:01,4/28/2020 7:37,0,20,0,0,3,0,0,0,0,111,0,0,0,2,5,0,8,0,0,2,0,0,0,0,0,0,0,0,0,0,Other: 2 black rhinos.  Transect was paused from 07:10 to 07:33 due to the elephants and rhino being in the road.
Conservancy,serena.s,S2,1.47,Never,5/12/2013,4/28/2020 8:08,4/28/2020 8:16,0,2,0,0,0,0,0,0,0,0,0,0,0,11,8,0,0,0,0,0,0,0,0,0,0,0,0,0,0,0,
Conservancy,happy.zebra,HZT,2,Never,5/15/2013,4/28/2020 8:19,4/28/2020 8:27,0,0,0,0,0,0,0,0,0,0,0,0,0,0,0,0,0,0,0,0,0,0,0,0,0,0,0,0,0,0,This transect was not done during the second half of april due to wetness.
Conservancy,serena.n,RSP,3.22,Never,5/15/2013,4/28/2020 8:52,4/28/2020 9:01,0,2,0,0,0,0,0,0,0,0,0,0,0,10,18,4,0,0,0,0,0,0,0,0,0,0,0,0,0,0,Began transect 373m from the start and ended at RSP 4 due to wetness.
Conservancy,serena.s,S1,3.41,Never,5/15/2013,4/28/2020 7:36,4/28/2020 7:58,0,1,0,0,0,0,0,0,0,0,0,0,0,0,0,0,0,0,0,0,0,0,0,0,0,0,0,0,0,0,This transect was not done during the second half of april due to wetness.
Narok,mara.river,R1,4,Never,5/16/2013,4/28/2020 8:00,4/28/2020 8:11,0,0,0,0,0,0,0,0,0,0,0,0,0,0,0,0,0,0,0,0,0,0,0,0,0,1,0,0,0,0,
Narok,mara.river,R2,4,Never,5/16/2013,4/28/2020 7:36,4/28/2020 7:54,0,4,0,0,0,0,0,0,0,3,0,0,0,6,9,0,0,0,0,0,0,0,0,0,0,1,0,0,0,0,
Conservancy,serena.s,S2,1.47,Never,5/17/2013,4/28/2020 7:51,4/28/2020 7:59,0,0,0,0,0,0,0,0,0,0,0,0,0,1,3,0,0,0,0,0,0,0,3,0,0,0,0,0,0,0,
Conservancy,serena.n,North,3,Never,5/18/2013,4/28/2020 8:15,4/28/2020 8:30,0,0,0,0,0,0,0,0,0,100,0,4,0,6,49,0,14,0,0,1,0,0,0,0,0,0,0,0,0,0,Other: 1 black rhino.; Other: 1 black rhino. 
Narok,talek.w,WHIGH,4,Never,5/18/2013,4/28/2020 8:07,4/28/2020 8:18,0,0,0,0,0,0,0,0,0,0,0,0,0,0,0,0,0,0,0,0,0,0,0,0,0,0,0,0,0,0,
Narok,talek.w,WLOW,4,Never,5/18/2013,4/28/2020 8:30,4/28/2020 8:45,0,0,0,0,0,0,12,11,0,4,0,0,0,230,349,0,0,0,1,0,0,0,2,0,0,0,0,0,0,0,
Narok,talek.w,W3,4,Never,5/19/2013,4/28/2020 7:24,4/28/2020 7:40,0,0,0,0,0,0,4,0,0,42,0,0,0,188,113,1,0,0,0,0,0,0,0,0,0,0,0,0,0,0,
Conservancy,happy.zebra,HZT,2,Never,5/20/2013,4/28/2020 7:50,4/28/2020 7:58,0,0,0,0,0,0,0,0,0,0,0,0,0,0,0,0,0,0,0,0,0,0,0,0,0,0,0,0,0,0,
Conservancy,serena.s,S1,3.41,Never,5/20/2013,4/28/2020 7:16,4/28/2020 7:32,0,1,0,0,0,0,0,0,0,0,0,0,0,0,0,0,0,0,0,0,0,0,0,0,0,0,0,0,0,0,
Conservancy,happy.zebra,SST,5.4,NotBurned,5/20/2013,4/28/2020 8:25,4/28/2020 8:48,0,0,0,0,5,0,0,0,0,0,0,0,0,0,0,0,0,0,0,0,0,0,0,0,0,0,0,0,0,0,
Conservancy,serena.n,RSP,3.22,Never,5/21/2013,4/28/2020 8:17,4/28/2020 8:24,0,1,0,8,0,16,0,0,0,59,0,0,0,9,13,2,0,0,0,0,0,0,0,0,0,0,0,0,0,0,
Conservancy,serena.n,North,3,Never,6/2/2013,4/28/2020 7:41,4/28/2020 8:00,0,1,0,0,0,0,0,0,0,37,0,0,0,1,0,0,2,0,0,0,0,0,0,0,3,0,0,0,0,0,
Conservancy,serena.n,RSP,3.22,Never,6/2/2013,4/28/2020 8:19,4/28/2020 8:34,0,2,0,0,0,0,0,0,0,16,0,0,0,2,19,4,0,0,0,0,0,0,0,0,0,0,0,0,0,0,
Narok,talek.w,W3,4,Never,6/2/2013,4/28/2020 7:37,4/28/2020 7:54,0,0,0,0,0,0,3,0,0,12,0,0,0,528,232,6,0,0,0,0,0,0,0,0,0,0,0,0,0,0,
Narok,mara.river,R1,4,Never,6/3/2013,4/28/2020 7:43,4/28/2020 7:52,0,0,0,0,0,0,6,0,0,0,0,0,0,36,259,0,0,0,0,0,0,0,0,0,0,0,0,0,0,0,
Narok,mara.river,R2,4,Never,6/3/2013,4/28/2020 7:29,4/28/2020 7:40,0,0,0,0,0,0,0,0,0,38,0,0,0,16,10,0,0,0,0,0,0,0,0,0,2,0,0,0,0,0,
Conservancy,serena.s,S1,3.41,Never,6/3/2013,4/28/2020 8:10,4/28/2020 8:25,0,0,0,0,0,0,0,0,0,0,0,0,0,0,0,0,0,0,0,0,0,0,0,0,0,0,0,0,0,0,
Conservancy,serena.s,S2,1.47,Never,6/3/2013,4/28/2020 7:32,4/28/2020 7:38,0,0,0,0,0,0,0,0,0,2,0,0,0,9,6,0,0,0,0,0,0,0,0,0,0,0,0,0,0,0,
Conservancy,happy.zebra,HZT,2,Never,6/5/2013,4/28/2020 7:17,4/28/2020 7:33,0,0,0,0,0,0,0,0,0,0,0,0,0,0,0,0,0,0,0,0,0,0,0,0,0,1,0,0,0,0,
Conservancy,happy.zebra,SST,5.4,NotBurned,6/5/2013,4/28/2020 8:18,4/28/2020 8:43,0,0,0,0,0,0,0,0,0,0,0,0,0,0,0,0,0,0,0,0,0,0,0,0,0,0,0,0,0,0,
Conservancy,serena.s,S2,1.47,Never,6/6/2013,4/28/2020 7:54,4/28/2020 8:00,0,0,0,0,0,0,0,0,0,0,0,0,0,1,6,0,0,0,0,0,0,0,3,0,0,0,0,0,0,0,
Narok,talek.w,WHIGH,4,Never,6/14/2013,4/28/2020 7:58,4/28/2020 8:09,0,0,0,0,0,0,0,0,0,0,0,0,0,0,0,0,0,0,0,0,0,0,0,0,0,0,0,0,0,0,
Narok,talek.w,WLOW,4,Never,6/14/2013,4/28/2020 8:19,4/28/2020 8:43,0,0,0,0,0,0,16,0,0,45,0,4,0,346,140,0,0,10,5,0,0,0,0,0,0,0,0,0,0,0,
Conservancy,serena.s,S2,1.47,Never,6/16/2013,4/28/2020 7:54,4/28/2020 8:00,0,0,0,0,0,0,0,0,0,0,0,0,0,1,6,0,0,0,0,0,0,0,3,0,0,0,0,0,0,0,
Conservancy,serena.n,North,3,Never,6/19/2013,4/28/2020 8:05,4/28/2020 8:19,0,0,0,0,0,0,0,0,0,23,0,0,0,13,0,2,0,0,0,0,12,0,0,1,0,0,0,0,0,0,
Conservancy,serena.n,RSP,3.22,Never,6/19/2013,4/28/2020 7:07,4/28/2020 7:23,0,0,0,0,0,0,0,0,0,1,0,0,0,9,12,1,0,0,0,0,0,0,0,0,0,0,0,0,0,0,
Conservancy,serena.s,S1,3.41,Never,6/19/2013,4/28/2020 7:41,4/28/2020 7:56,0,1,0,0,0,0,0,0,0,0,0,0,0,0,0,0,0,0,0,0,0,0,0,0,0,0,0,0,0,0,
Narok,mara.river,R1,4,Never,6/21/2013,4/28/2020 7:22,4/28/2020 7:27,0,0,0,0,0,0,0,0,0,0,0,0,0,0,0,0,0,0,0,0,0,0,0,0,0,1,0,0,0,0,
Narok,mara.river,R2,4,Never,6/21/2013,4/28/2020 7:29,4/28/2020 7:41,0,0,0,0,0,0,0,0,0,2,0,0,0,22,5,5,0,0,0,0,0,0,2,0,0,0,0,0,0,0,
Conservancy,happy.zebra,HZT,2,Never,6/22/2013,4/28/2020 7:18,4/28/2020 7:32,0,0,0,0,0,0,0,0,0,0,0,0,0,0,0,0,0,0,0,0,0,0,0,0,0,0,0,0,0,0,
Narok,talek.w,W3,4,Never,6/22/2013,4/28/2020 7:31,4/28/2020 7:47,0,0,0,0,0,0,0,0,0,4,0,0,0,211,15,0,0,7,8,0,0,0,0,0,0,0,0,0,0,0,
Conservancy,happy.zebra,SST,5.4,NotBurned,6/23/2013,4/28/2020 7:52,4/28/2020 8:19,0,0,0,0,0,0,0,0,0,0,1,0,0,0,0,0,0,0,0,0,0,0,0,0,0,0,0,0,0,0,
Narok,talek.w,WHIGH,4,Never,6/24/2013,4/28/2020 7:42,4/28/2020 8:05,0,0,0,0,0,3,0,0,0,0,0,0,0,0,0,0,0,0,0,0,0,0,0,0,0,0,0,0,0,0,
Narok,talek.w,WLOW,4,Never,6/24/2013,4/28/2020 8:14,4/28/2020 8:32,0,0,0,0,0,0,10,4,0,0,0,0,0,33,27,0,0,0,20,0,0,0,0,0,0,0,0,0,0,0,
Conservancy,serena.s,S2,1.47,Never,7/3/2013,4/28/2020 8:36,4/28/2020 8:42,0,0,0,0,0,0,0,0,0,0,0,0,0,0,1,0,0,0,0,0,0,0,0,0,0,0,0,0,0,0,
Narok,talek.w,W3,4,Never,7/3/2013,4/28/2020 7:46,4/28/2020 8:00,0,0,0,0,0,0,0,0,0,1,0,2,0,412,12,2,0,47,28,0,0,0,0,0,0,0,0,0,0,0,
Narok,talek.w,WHIGH,4,Never,7/3/2013,4/28/2020 7:27,4/28/2020 7:41,0,0,0,0,0,0,0,0,0,0,0,0,0,0,0,0,0,0,0,0,0,0,0,0,0,0,0,0,0,0,
Narok,talek.w,WLOW,4,Never,7/3/2013,4/28/2020 7:51,4/28/2020 8:07,0,0,0,0,0,0,2,0,0,0,0,0,0,25,4,0,0,0,0,0,0,0,0,0,0,0,0,0,0,0,
Conservancy,happy.zebra,HZT,2,Never,7/5/2013,4/28/2020 7:15,4/28/2020 7:30,0,0,0,0,0,0,0,0,0,0,0,0,0,0,0,0,0,0,0,0,0,0,0,0,0,1,0,0,0,0,
Narok,mara.river,R1,4,Never,7/5/2013,4/28/2020 7:47,4/28/2020 7:54,0,0,0,0,0,0,0,0,0,0,0,0,0,10,0,0,0,0,0,0,0,0,0,0,0,0,0,0,0,0,
Narok,mara.river,R2,4,Never,7/5/2013,4/28/2020 7:31,4/28/2020 7:44,0,0,0,0,0,0,0,0,0,56,0,0,0,15,11,0,1,0,0,0,0,0,0,0,0,0,0,0,0,0,
Conservancy,happy.zebra,SST,5.4,NotBurned,7/5/2013,4/28/2020 8:31,4/28/2020 8:54,0,1,0,0,3,0,0,0,0,0,0,0,0,0,0,0,0,0,0,0,0,0,0,0,0,0,0,0,0,0,
Conservancy,serena.s,S1,3.41,Never,7/6/2013,4/28/2020 8:43,4/28/2020 9:07,0,0,0,0,0,0,0,0,0,0,0,0,0,0,0,0,0,0,0,0,0,0,0,0,0,0,0,0,0,0,
Conservancy,serena.n,North,3,Never,7/7/2013,4/28/2020 8:20,4/28/2020 8:34,0,0,0,0,0,0,0,0,0,0,0,0,0,9,0,3,1,0,0,0,1,0,0,0,0,0,0,0,0,0,
Conservancy,serena.n,RSP,3.22,Never,7/10/2013,4/28/2020 8:01,4/28/2020 8:30,0,0,0,4,0,0,0,0,0,6,0,0,0,18,3,0,0,0,240,0,0,0,0,0,0,0,0,0,0,0,
Conservancy,serena.n,North,3,Never,7/16/2013,4/28/2020 7:21,4/28/2020 7:32,0,0,0,0,0,0,0,0,0,0,0,0,0,0,0,0,0,0,0,0,0,0,0,0,0,0,0,0,0,0,
Conservancy,serena.n,RSP,3.22,Never,7/16/2013,4/28/2020 8:35,4/28/2020 8:50,0,0,0,0,0,0,0,0,0,14,0,0,0,48,9,1,0,24,1,0,0,0,0,0,0,0,0,0,0,0,
Conservancy,serena.s,S2,1.47,Never,7/17/2013,4/28/2020 8:41,4/28/2020 8:55,0,0,0,0,0,0,0,0,0,0,0,0,0,1,0,0,0,221,0,0,0,0,0,0,0,0,0,0,0,0,
Conservancy,happy.zebra,HZT,2,Never,7/18/2013,4/28/2020 8:36,4/28/2020 8:46,0,0,0,0,0,0,0,0,0,0,0,0,0,0,0,0,0,0,0,0,0,0,0,0,0,0,0,0,0,0,
Narok,mara.river,R1,4,Never,7/18/2013,4/28/2020 8:32,4/28/2020 8:41,0,0,0,0,0,0,0,0,0,0,0,0,0,14,0,3,0,0,28,0,0,0,0,0,0,0,0,0,0,0,
Narok,mara.river,R2,4,Never,7/18/2013,4/28/2020 8:17,4/28/2020 8:29,0,0,0,0,0,0,0,0,0,0,0,0,0,10,3,0,0,0,0,0,0,0,0,0,0,0,0,0,0,0,
Narok,talek.w,WHIGH,4,Never,7/18/2013,4/28/2020 8:36,4/28/2020 8:56,0,0,0,0,0,0,0,0,0,0,0,0,0,2,0,5,0,155,205,0,0,0,0,0,0,0,0,0,0,0,
Narok,talek.w,WLOW,4,Never,7/18/2013,4/28/2020 8:00,4/28/2020 8:28,0,0,0,0,0,0,0,0,0,0,0,0,0,22,0,0,0,796,7,0,0,0,0,0,0,0,0,0,0,0,
Conservancy,happy.zebra,SST,5.4,NotBurned,7/21/2013,4/28/2020 8:10,4/28/2020 8:45,0,0,0,0,0,0,0,0,0,0,0,0,0,0,9,3,0,1245,74,0,0,0,0,0,0,0,0,0,0,0,
Conservancy,serena.s,S1,3.41,Never,7/25/2013,4/28/2020 8:18,4/28/2020 8:49,0,0,0,0,0,0,0,0,0,0,0,0,0,0,12,0,0,1421,111,0,0,0,0,0,0,0,0,0,0,0,
Narok,talek.w,W3,4,Never,7/25/2013,4/28/2020 7:49,4/28/2020 8:10,0,0,0,0,0,0,0,0,0,2,0,0,0,45,7,0,0,73,27,0,0,0,0,0,0,0,0,0,0,0,
Conservancy,serena.n,North,3,Never,8/1/2013,4/28/2020 7:51,4/28/2020 8:03,0,0,0,0,0,0,0,0,0,4,0,0,0,70,12,0,0,0,4,0,0,0,0,0,0,0,0,0,0,0,
Conservancy,happy.zebra,SST,5.4,NotBurned,8/2/2013,4/28/2020 7:33,4/28/2020 8:05,0,0,0,0,0,0,0,9,0,0,0,0,0,0,7,0,0,443,0,0,0,0,0,0,0,0,0,0,0,0,
Narok,talek.w,W3,4,Never,8/2/2013,4/28/2020 7:56,4/28/2020 8:10,0,0,0,0,0,0,0,0,0,13,0,0,0,47,13,0,0,0,0,0,0,0,0,0,0,0,0,0,0,0,
Conservancy,happy.zebra,HZT,2,Never,8/3/2013,4/28/2020 7:25,4/28/2020 7:38,0,0,0,0,0,0,0,0,0,0,0,0,0,0,0,0,0,0,0,0,0,0,0,0,0,0,0,0,0,0,
Conservancy,serena.s,S1,3.41,Never,8/5/2013,4/28/2020 7:47,4/28/2020 7:54,0,0,0,0,0,0,0,0,0,0,0,0,0,1,0,0,0,0,0,0,0,0,0,0,0,0,0,0,0,0,
Conservancy,serena.s,S2,1.47,Never,8/5/2013,4/28/2020 8:00,4/28/2020 8:17,0,0,0,0,0,0,0,0,0,0,0,0,0,0,3,0,0,75,5,0,0,0,0,0,0,0,0,0,0,0,
Narok,talek.w,WHIGH,4,Never,8/5/2013,4/28/2020 7:42,4/28/2020 8:09,0,0,0,0,0,0,6,1,0,0,0,0,0,6,0,0,0,2472,68,0,0,0,0,0,0,0,0,0,0,0,
Narok,talek.w,WLOW,4,Never,8/5/2013,4/28/2020 8:22,4/28/2020 8:41,0,0,0,0,0,0,0,0,0,0,0,0,0,127,0,0,0,347,9,0,0,0,0,0,0,0,0,0,0,0,
Conservancy,serena.n,RSP,3.22,Never,8/9/2013,4/28/2020 8:00,4/28/2020 8:33,0,0,0,0,0,0,0,0,0,1,0,0,0,7,1,3,0,4,17,0,0,0,0,0,0,1,0,0,0,0,We paused the transect 8:06-8:20 for a to ID a hyena and a target trial.
Narok,mara.river,R1,4,Never,8/12/2013,4/28/2020 8:25,4/28/2020 8:37,0,0,0,0,0,0,0,0,0,0,0,0,0,7,16,0,0,584,95,0,0,0,0,0,0,0,0,0,0,0,
Narok,mara.river,R2,4,Never,8/12/2013,4/28/2020 7:45,4/28/2020 8:05,0,0,0,0,0,0,0,0,0,0,0,0,0,39,3,7,0,968,64,0,0,0,0,0,0,0,0,0,0,0,
Conservancy,serena.s,S2,1.47,Never,8/18/2013,4/28/2020 7:20,4/28/2020 7:26,0,0,0,0,0,0,0,0,0,0,0,0,0,2,0,0,0,0,0,0,0,0,0,0,0,0,0,0,0,0,
Narok,talek.w,W3,4,Never,8/18/2013,4/28/2020 8:20,4/28/2020 8:37,0,0,0,0,0,1,0,0,0,3,0,0,0,25,13,0,0,0,17,0,15,0,0,0,0,0,0,0,0,0,
Conservancy,happy.zebra,HZT,2,Never,8/20/2013,4/28/2020 8:59,4/28/2020 9:08,0,0,0,0,0,0,0,0,0,0,0,0,0,0,8,2,0,1,101,0,0,0,0,0,0,0,0,0,0,0,
Narok,mara.river,R1,4,Never,8/20/2013,4/28/2020 7:47,4/28/2020 8:03,0,0,0,0,0,0,0,0,0,10,0,0,0,111,53,0,0,6,0,0,0,0,0,0,0,0,0,0,0,0,
Narok,mara.river,R2,4,Never,8/20/2013,4/28/2020 8:08,4/28/2020 8:28,0,0,0,0,0,0,0,0,0,7,0,0,0,66,12,2,0,0,31,0,0,1,2,0,0,0,0,0,0,0,
Conservancy,serena.s,S1,3.41,Never,8/20/2013,4/28/2020 7:42,4/28/2020 7:56,0,0,0,0,0,0,0,0,0,0,0,0,0,0,0,2,0,9,122,0,0,0,0,0,0,0,0,0,0,0,
Conservancy,happy.zebra,SST,5.4,NotBurned,8/20/2013,4/28/2020 8:18,4/28/2020 8:40,0,0,0,0,0,0,0,0,0,1,0,0,0,0,5,1,0,13,126,0,0,0,0,0,0,0,0,0,0,0,
Narok,talek.w,WHIGH,4,Never,8/24/2013,4/28/2020 7:33,4/28/2020 7:44,0,0,0,0,0,0,0,0,0,0,0,0,0,0,0,0,0,0,0,0,0,0,0,0,0,0,0,0,0,0,
Narok,talek.w,WLOW,4,Never,8/24/2013,4/28/2020 7:56,4/28/2020 8:09,0,0,0,0,0,0,3,2,0,0,0,0,0,50,16,0,0,0,0,0,0,0,0,0,0,0,0,0,0,0,
Conservancy,serena.n,North,3,Never,9/2/2013,4/28/2020 7:53,4/28/2020 8:07,0,4,0,0,0,0,0,0,1,1,0,0,0,3,0,1,4,0,0,0,0,0,0,0,0,0,0,0,0,1,"""This carcass is an adult wildebeest. It is very old looking, only the head and ribs remain with no skin or flesh. ""; This carcass is an adult wildebeest. It is very old looking, only the head and ribs remain with no skin or flesh. "
Conservancy,serena.s,S1,3.41,Never,9/2/2013,4/28/2020 7:40,4/28/2020 7:55,0,3,0,0,0,0,0,0,0,0,0,0,0,0,6,0,0,89,136,0,0,0,0,0,0,0,0,0,0,0,
Conservancy,serena.s,S2,1.47,Never,9/2/2013,4/28/2020 7:28,4/28/2020 7:34,0,0,0,0,0,0,0,0,0,3,0,0,0,12,4,0,0,4,0,0,0,0,0,0,0,0,0,0,0,0,
Narok,mara.river,R1,4,Never,9/3/2013,4/28/2020 7:38,4/28/2020 7:47,0,0,0,0,0,0,2,0,0,0,0,0,0,23,0,0,0,0,0,0,0,0,0,0,0,0,0,0,0,1,
Narok,mara.river,R2,4,Never,9/3/2013,4/28/2020 7:50,4/28/2020 8:03,0,0,0,0,0,0,0,0,0,2,0,0,0,40,5,1,0,0,0,0,0,0,0,0,0,0,0,0,0,0,
Conservancy,happy.zebra,HZT,2,Never,9/5/2013,4/28/2020 7:30,4/28/2020 7:40,0,0,0,0,0,0,0,0,0,0,0,0,0,0,1,0,0,0,134,0,0,0,0,0,0,0,0,0,0,0,
Conservancy,happy.zebra,SST,5.4,NotBurned,9/5/2013,4/28/2020 8:46,4/28/2020 9:15,0,0,0,0,0,0,0,0,0,0,0,0,0,0,18,1,0,0,183,0,0,0,0,0,0,0,0,0,0,3,
Narok,talek.w,W3,4,Never,9/5/2013,4/28/2020 8:44,4/28/2020 8:59,0,0,0,0,0,0,0,0,0,1,0,0,0,46,7,0,0,0,24,0,0,0,0,0,0,0,0,0,0,1,
Narok,talek.w,WHIGH,4,Never,9/5/2013,4/28/2020 7:50,4/28/2020 8:09,0,0,0,7,0,0,0,0,0,0,0,0,0,0,0,0,0,0,5,0,0,2,0,0,0,0,0,0,0,5,
Narok,talek.w,WLOW,4,Never,9/5/2013,4/28/2020 8:19,4/28/2020 8:39,0,0,0,0,0,0,0,0,0,2,0,0,0,87,10,0,0,0,0,0,0,0,0,0,0,1,0,0,0,3,
Conservancy,serena.n,RSP,3.22,Never,9/6/2013,4/28/2020 8:30,4/28/2020 8:54,0,0,0,0,0,0,0,0,1,0,0,0,0,11,1,0,0,0,0,0,0,0,0,0,0,7,0,0,0,0,
Narok,talek.w,W3,4,Never,9/16/2013,4/28/2020 8:18,4/28/2020 8:30,0,0,0,0,0,0,0,0,0,0,0,0,0,7,6,3,0,0,10,0,0,0,0,0,0,0,0,0,0,0,
Narok,mara.river,R1,4,Never,9/18/2013,4/28/2020 8:10,4/28/2020 8:18,0,0,0,0,0,0,0,0,0,0,0,0,0,3,8,1,0,2,6,0,20,0,0,0,0,0,0,0,0,0,
Narok,mara.river,R2,4,Never,9/18/2013,4/28/2020 7:28,4/28/2020 8:03,0,0,0,0,0,0,0,0,0,0,0,0,0,10,2,4,0,0,0,0,0,0,0,0,0,2,0,0,0,0,
Conservancy,serena.s,S2,1.47,Never,9/18/2013,4/28/2020 8:16,4/28/2020 8:25,0,1,0,0,0,0,0,0,0,0,0,0,0,2,0,1,0,0,0,0,0,0,0,0,0,0,0,0,0,0,
Conservancy,serena.n,North,3,Never,9/20/2013,4/28/2020 7:02,4/28/2020 7:16,0,0,0,0,0,1,0,0,0,88,0,0,0,4,0,0,25,0,0,0,0,0,0,0,0,0,0,0,0,0,
Conservancy,serena.n,RSP,3.22,Never,9/20/2013,4/28/2020 8:32,4/28/2020 8:50,0,0,0,0,0,2,0,0,0,15,0,0,0,21,5,2,0,0,10,0,0,0,0,0,0,0,0,0,0,2,"""This buffalo carcass is from September 9th, there is some dried skin, all bones present and the skull. There is also a wildebeest carcass, adult, looks at least a week old, skull is broken, some skin, only a few bones including the ribs. ""; This buffalo carcass is from September 9th, there is some dried skin, all bones present and the skull. There is also a wildebeest carcass, adult, looks at least a week old, skull is broken, some skin, only a few bones including the ribs. "
Conservancy,happy.zebra,HZT,2,Never,9/24/2013,4/28/2020 8:08,4/28/2020 8:18,0,0,0,0,0,0,0,0,0,0,0,0,0,0,0,0,0,0,0,0,0,0,0,0,0,0,0,0,0,1,
Conservancy,happy.zebra,SST,5.4,NotBurned,9/24/2013,4/28/2020 8:43,4/28/2020 9:13,0,0,0,0,0,0,0,0,0,0,0,0,0,0,1,0,0,1598,91,0,0,0,0,0,0,2,0,0,0,1,
Narok,talek.w,WHIGH,4,Never,9/24/2013,4/28/2020 7:52,4/28/2020 8:07,0,0,0,0,0,0,4,0,0,0,0,0,0,26,0,0,0,0,8,0,0,0,0,0,0,0,0,0,0,4,
Narok,talek.w,WLOW,4,Never,9/24/2013,4/28/2020 7:26,4/28/2020 7:45,0,0,0,0,0,0,2,0,0,0,0,0,0,54,136,0,0,1,21,0,0,0,0,0,0,0,0,0,0,4,
Conservancy,happy.zebra,SST,5.4,NotBurned,10/1/2013,4/28/2020 8:18,4/28/2020 8:43,0,0,0,0,0,0,0,0,0,0,0,0,0,0,2,0,0,0,0,0,0,0,0,0,0,0,0,0,0,2,Both of these carcasses are just ribcages with some skin and the skulls.; Both of these carcasses are just ribcages with some skin and the skulls. 
Conservancy,serena.n,North,3,Never,10/2/2013,4/28/2020 8:17,4/28/2020 8:29,0,0,0,0,0,0,0,0,0,69,0,2,0,17,0,0,19,0,0,0,0,0,0,0,0,0,0,0,0,0,
Conservancy,serena.n,RSP,3.22,Never,10/2/2013,4/28/2020 7:46,4/28/2020 8:04,0,0,0,0,0,0,0,0,0,7,0,0,0,3,2,0,0,0,0,0,0,0,0,0,0,0,0,0,0,1,"""This is the same old buffalo carcass that has been here since we did a carcass session with it on the 9th of September. There is only ribs, pelvis, skull, and a femur left, no skin or flesh. ""; This is the same old buffalo carcass that has been here since we did a carcass session with it on the 9th of September. There is only ribs, pelvis, skull, and a femur left, no skin or flesh. "
Conservancy,serena.s,S1,3.41,Never,10/3/2013,4/28/2020 8:26,4/28/2020 8:42,0,0,0,0,0,0,0,0,0,0,0,0,0,0,6,0,0,0,0,0,9,0,0,0,0,0,0,0,0,2,"""Both carcasses are adult wildebeest. The first is just the skull, ribs, and some skin. The second is just a skull and a pile of skin with possibly some bones. ""; Both carcasses are adult wildebeest. The first is just the skull, ribs, and some skin. The second is just a skull and a pile of skin with possibly some bones. "
Conservancy,serena.s,S2,1.47,Never,10/3/2013,4/28/2020 8:10,4/28/2020 8:16,0,0,0,0,0,0,0,0,0,0,0,0,0,3,1,0,0,0,0,0,0,0,0,0,0,0,0,0,0,0,
Narok,talek.w,WHIGH,4,Never,10/3/2013,4/28/2020 8:21,4/28/2020 8:38,0,0,0,0,0,0,0,0,0,1,0,0,0,30,0,0,0,158,0,0,0,0,0,0,0,0,0,0,0,2,
Narok,talek.w,WLOW,4,Never,10/3/2013,4/28/2020 8:47,4/28/2020 9:04,0,0,0,0,0,0,0,0,0,0,0,0,0,80,8,0,0,94,0,0,0,0,0,0,0,0,0,0,0,2,
Narok,talek.w,W3,4,Never,10/4/2013,4/28/2020 7:23,4/28/2020 7:52,0,1,0,0,0,0,1,2,0,6,0,0,0,240,32,3,0,217,9,0,0,0,0,0,0,0,0,0,0,0,
Narok,talek.w,W3,4,Never,10/5/2013,4/28/2020 7:23,4/28/2020 7:52,0,1,0,0,0,0,1,2,0,6,0,0,0,240,32,3,0,217,9,0,0,2,0,0,0,0,0,0,0,0,
Narok,mara.river,R1,4,Never,10/8/2013,4/28/2020 8:01,4/28/2020 8:08,0,0,0,0,0,0,0,0,0,0,0,0,0,2,42,0,0,0,59,0,0,0,0,0,0,0,0,0,0,0,
Narok,mara.river,R2,4,Never,10/8/2013,4/28/2020 7:41,4/28/2020 7:55,0,8,0,0,0,0,6,1,0,12,0,0,0,38,34,14,4,0,10,0,0,0,0,0,0,0,0,0,0,0,
Conservancy,happy.zebra,HZT,2,Never,10/9/2013,4/28/2020 8:07,4/28/2020 8:18,0,0,0,0,0,0,0,0,0,0,0,0,0,0,0,0,0,0,0,0,0,0,0,0,0,0,0,0,0,0,
Conservancy,serena.s,S2,1.47,Never,10/16/2013,4/28/2020 8:27,4/28/2020 8:33,0,0,0,0,0,0,0,0,0,0,0,0,0,0,0,0,0,0,0,0,0,0,0,0,0,0,0,0,0,0,
Conservancy,happy.zebra,HZT,2,Never,10/17/2013,4/28/2020 7:59,4/28/2020 8:09,0,0,0,0,0,0,0,0,0,0,0,0,0,0,0,0,0,0,31,0,0,0,0,0,0,0,0,0,0,0,
Narok,talek.w,WHIGH,4,Never,10/17/2013,4/28/2020 7:12,4/28/2020 7:26,0,0,0,0,0,0,0,0,0,0,0,0,0,22,38,0,0,17,13,0,0,0,0,0,0,0,0,0,0,3,
Narok,talek.w,WLOW,4,Never,10/17/2013,4/28/2020 7:40,4/28/2020 7:56,0,0,0,0,0,0,0,0,0,9,0,0,0,18,1,0,0,0,0,0,0,1,0,0,0,0,0,0,0,3,
Conservancy,happy.zebra,SST,5.4,NotBurned,10/19/2013,4/28/2020 8:03,4/28/2020 8:39,0,0,0,0,2,0,0,0,0,0,1,0,0,0,20,11,0,0,123,0,0,0,0,0,0,0,0,0,0,1,"""This is a very old adult wildebeest carcass, just the ribcage, spine and skull is left with some skin on the ribcage. Mostly likely the same one as last time. ""; This is a very old adult wildebeest carcass, just the ribcage, spine and skull is left with some skin on the ribcage. Mostly likely the same one as last time. "
Conservancy,serena.n,North,3,Never,10/20/2013,4/28/2020 7:10,4/28/2020 7:21,0,0,0,0,0,0,0,0,1,2,0,0,0,0,0,0,0,0,0,0,0,0,0,0,0,0,0,0,0,0,
Narok,talek.w,W3,4,Never,10/21/2013,4/28/2020 7:51,4/28/2020 8:08,0,0,0,0,0,0,0,0,0,20,0,0,0,93,0,8,0,0,0,0,10,0,0,0,0,0,0,0,0,0,
Narok,mara.river,R1,4,Never,10/23/2013,4/28/2020 8:03,4/28/2020 8:18,0,0,0,0,0,0,1,0,0,0,0,0,0,7,28,0,0,90,52,0,0,0,0,0,0,2,0,0,0,0,
Narok,mara.river,R2,4,Never,10/23/2013,4/28/2020 7:18,4/28/2020 7:49,0,0,0,0,0,0,0,0,0,0,0,0,0,68,31,3,0,15,3,0,0,0,0,0,0,3,0,0,0,0,
Conservancy,serena.n,RSP,3.22,Never,10/25/2013,4/28/2020 8:05,4/28/2020 8:28,0,2,0,0,0,0,0,0,0,13,0,0,0,28,3,9,0,0,7,0,0,0,0,0,0,14,0,0,0,1,"""This carcass is a very old adult buffalo carcass, same one from before (from carcass session sept 9th. Just ribs, spine, and skull, no skin or flesh left, don??????t see any leg bones.  ""; This carcass is a very old adult buffalo carcass, same one from before (from carcass session sept 9th. Just ribs, spine, and skull, no skin or flesh left, don??t see any leg bones.  "
Conservancy,serena.s,S1,3.41,Never,10/26/2013,4/28/2020 8:13,4/28/2020 8:30,0,3,0,0,7,0,0,0,0,0,0,0,0,1,1,0,0,0,96,0,0,0,0,0,0,0,0,0,0,0,
Conservancy,serena.s,S1,3.41,Never,11/1/2013,4/28/2020 7:36,4/28/2020 7:56,0,33,0,0,4,0,0,0,0,0,2,0,0,0,2,0,0,0,40,0,0,0,0,0,0,0,0,0,0,0,
Conservancy,serena.s,S2,1.47,Never,11/1/2013,4/28/2020 8:15,4/28/2020 8:22,0,0,0,0,0,0,0,0,0,1,0,0,0,14,13,1,0,0,26,0,0,0,0,0,0,0,0,0,0,0,
Conservancy,happy.zebra,HZT,2,Never,11/2/2013,4/28/2020 7:06,4/28/2020 7:16,0,0,0,0,9,0,0,0,0,0,0,0,0,0,0,0,0,0,3,0,0,0,0,0,0,0,0,0,0,0,
Conservancy,happy.zebra,SST,5.4,NotBurned,11/2/2013,4/28/2020 7:33,4/28/2020 7:55,0,0,0,0,0,0,0,0,0,0,0,1,0,0,2,4,0,0,30,0,0,0,0,0,0,0,0,0,0,0,
Conservancy,serena.n,North,3,Never,11/3/2013,4/28/2020 7:40,4/28/2020 8:05,0,0,0,0,0,0,0,0,0,1,0,0,0,8,1,0,25,0,33,0,0,0,0,0,0,0,0,0,0,0,
Narok,talek.w,WHIGH,4,Never,11/3/2013,4/28/2020 7:37,4/28/2020 7:57,0,0,0,0,0,0,5,0,0,2,0,0,0,99,11,0,0,0,27,0,0,2,0,0,0,0,0,0,0,3,
Narok,talek.w,WLOW,4,Never,11/3/2013,4/28/2020 8:07,4/28/2020 8:23,0,0,0,0,0,0,0,0,0,0,0,0,0,58,39,0,0,43,38,0,0,0,0,0,0,0,0,0,0,1,
Conservancy,serena.n,RSP,3.22,Never,11/5/2013,4/28/2020 7:12,4/28/2020 7:29,0,2,0,0,0,0,0,0,0,0,0,0,0,46,7,2,0,0,2,0,0,0,2,0,0,3,0,0,0,1,"""This is the same old buffalo carcass that has been here since we did a carcass session with it on the 9th of September. There is only ribs, pelvis, and the skull left no skin or flesh. ""; This is the same old buffalo carcass that has been here since we did a carcass session with it on the 9th of September. There is only ribs, pelvis, and the skull left no skin or flesh. "
Narok,talek.w,W3,4,Never,11/6/2013,4/28/2020 8:16,4/28/2020 8:28,0,0,0,0,0,0,0,0,0,1,0,0,0,32,1,9,0,0,10,0,0,0,0,0,0,0,0,0,0,0,
Narok,mara.river,R1,4,Never,11/10/2013,4/28/2020 7:18,4/28/2020 7:25,0,0,0,0,0,0,0,0,0,0,0,0,0,6,2,0,0,0,0,0,10,0,0,0,0,1,0,0,0,0,
Narok,mara.river,R2,4,Never,11/10/2013,4/28/2020 8:02,4/28/2020 8:14,0,2,0,1,0,0,0,0,0,5,0,0,0,54,4,7,0,33,11,0,5,0,0,0,0,0,0,0,0,0,
Conservancy,happy.zebra,HZT,2,Never,11/16/2013,4/28/2020 7:27,4/28/2020 7:54,0,0,0,0,0,0,0,0,0,0,0,0,0,2,0,0,0,450,0,0,0,0,0,0,0,0,0,0,0,0,
Narok,talek.w,W3,4,Never,11/16/2013,4/28/2020 7:44,4/28/2020 8:01,0,0,0,0,0,0,0,0,0,1,0,0,0,41,8,3,0,331,6,0,0,0,0,0,0,0,0,0,0,1,
Conservancy,serena.n,North,3,Never,11/17/2013,4/28/2020 7:18,4/28/2020 7:37,0,3,0,0,0,0,0,0,0,0,0,0,0,9,1,0,10,0,23,0,0,2,0,0,0,0,0,0,0,0,
Narok,mara.river,R1,4,Never,11/18/2013,4/28/2020 7:24,4/28/2020 7:32,0,0,0,0,0,0,0,0,0,0,0,0,0,6,0,0,0,129,0,0,0,0,0,0,0,0,0,0,0,0,
Narok,mara.river,R2,4,Never,11/18/2013,4/28/2020 7:37,4/28/2020 7:47,0,0,0,0,0,0,0,0,0,0,0,0,0,9,0,1,0,50,4,0,0,0,0,0,0,0,0,0,0,0,
Conservancy,serena.s,S2,1.47,Never,11/18/2013,4/28/2020 7:36,4/28/2020 7:47,0,0,0,0,0,0,0,0,0,0,0,0,0,4,0,0,0,915,67,0,0,5,0,0,0,0,0,0,0,0,
Conservancy,serena.n,RSP,3.22,Never,11/20/2013,4/28/2020 7:34,4/28/2020 7:51,0,0,0,0,0,0,0,0,0,17,0,0,0,17,7,3,0,892,17,0,0,0,2,0,0,0,0,0,0,0,
Conservancy,serena.s,S1,3.41,Never,11/22/2013,4/28/2020 8:16,4/28/2020 8:38,0,0,0,0,0,0,0,0,0,0,0,0,0,0,0,1,0,151,13,0,0,1,0,0,0,1,0,0,0,1,"""This is a fresh wildebeest carcass, there is not much left, just the spine and ribs, there are no legs or organs, and I cannot see the head though it may be tucked under. It looks very fresh though and there is still a tiny bit of flesh left on the ribs; This is a fresh wildebeest carcass, there is not much left, just the spine and ribs, there are no legs or organs, and I cannot see the head though it may be tucked under. It looks very fresh though and there is still a tiny bit of flesh left on the ribs in addition to skin."
Conservancy,happy.zebra,SST,5.4,NotBurned,11/23/2013,4/28/2020 7:23,4/28/2020 7:56,0,0,0,0,0,0,0,0,0,0,0,0,0,0,20,2,0,0,0,0,0,0,0,0,0,0,0,0,0,0,
Narok,talek.w,WHIGH,4,Never,11/24/2013,4/28/2020 7:49,4/28/2020 8:03,0,0,0,0,0,0,0,0,0,0,0,0,0,5,0,3,0,149,8,0,0,0,0,0,0,0,0,0,0,3,
Narok,talek.w,WLOW,4,Never,11/24/2013,4/28/2020 8:11,4/28/2020 8:27,0,0,0,0,0,0,0,0,0,0,0,0,0,46,2,0,0,467,0,0,0,0,0,0,0,0,0,0,0,2,
Conservancy,serena.n,North,3,Never,12/3/2013,4/28/2020 7:35,4/28/2020 7:54,0,0,0,0,0,2,0,0,0,4,0,0,0,22,0,0,7,0,105,0,0,0,0,0,0,0,0,0,0,0,
Narok,talek.w,WHIGH,4,Never,12/4/2013,4/28/2020 7:56,4/28/2020 8:11,0,0,0,0,0,0,2,0,0,0,0,0,0,16,29,0,0,7,21,0,0,0,0,0,0,0,0,0,0,6,
Narok,talek.w,WLOW,4,Never,12/4/2013,4/28/2020 8:19,4/28/2020 8:36,0,0,0,0,0,2,0,0,0,0,0,0,0,15,2,0,0,0,5,0,0,0,0,0,0,0,0,0,0,2,
Narok,mara.river,R1,4,Never,12/5/2013,4/28/2020 8:24,4/28/2020 8:28,0,0,0,0,0,0,0,0,0,0,0,0,0,4,2,0,0,8,0,0,0,0,0,0,0,0,0,0,0,0,
Conservancy,serena.s,S1,3.41,Never,12/5/2013,4/28/2020 8:02,4/28/2020 8:21,0,0,0,0,4,0,0,0,0,0,0,0,0,1,2,10,0,1,48,0,0,0,0,0,0,0,0,0,0,0,
Narok,talek.w,W3,4,Never,12/5/2013,4/28/2020 7:54,4/28/2020 8:08,0,0,0,0,0,2,0,0,0,1,0,0,0,80,5,0,0,104,2,0,0,0,0,0,0,0,0,0,0,0,
Narok,mara.river,R2,4,Never,12/5/2013,4/28/2020 7:33,4/28/2020 7:49,0,0,0,0,0,0,0,0,0,7,0,0,0,24,7,0,0,259,13,0,0,0,0,0,0,0,0,0,0,2,
Conservancy,happy.zebra,HZT,2,Never,12/7/2013,4/28/2020 7:35,4/28/2020 7:44,0,0,0,0,0,0,0,0,0,0,0,0,0,0,5,1,0,75,51,0,0,0,0,0,0,0,0,0,0,0,
Conservancy,happy.zebra,SST,5.4,NotBurned,12/7/2013,4/28/2020 8:19,4/28/2020 8:43,0,0,0,0,0,0,0,0,0,0,0,0,0,0,9,1,0,427,166,0,0,0,0,0,0,0,0,0,0,0,
Conservancy,serena.n,RSP,3.22,Never,12/8/2013,4/28/2020 8:16,4/28/2020 8:34,0,0,0,0,1,0,0,0,0,0,0,0,0,38,0,6,0,0,21,0,0,0,1,0,0,0,0,0,0,0,
Conservancy,serena.s,S2,1.47,Never,12/9/2013,4/28/2020 8:20,4/28/2020 8:28,0,4,0,0,0,0,0,0,0,0,0,0,0,1,1,4,0,64,70,0,0,0,0,0,0,0,0,0,0,0,
Conservancy,serena.s,S2,1.47,Never,12/16/2013,4/28/2020 7:24,4/28/2020 7:30,0,3,0,0,0,0,0,0,0,0,0,0,0,4,1,4,0,0,63,0,0,0,0,0,0,0,0,0,0,0,
Conservancy,serena.s,S1,3.41,Never,12/19/2013,4/28/2020 7:51,4/28/2020 8:05,0,0,0,0,0,0,0,0,0,0,0,0,0,0,2,0,0,0,53,0,0,0,0,0,0,0,0,0,0,0,
Narok,talek.w,W3,4,Never,12/20/2013,4/28/2020 8:04,4/28/2020 8:18,0,0,0,0,0,0,0,0,0,4,0,0,0,30,15,2,0,0,30,0,0,0,0,0,0,0,0,0,0,0,
Narok,talek.w,WHIGH,4,Never,12/23/2013,4/28/2020 8:15,4/28/2020 8:28,0,0,0,0,0,0,0,2,0,0,0,0,0,12,0,0,0,0,0,0,0,0,0,0,0,0,0,0,0,2,
Narok,talek.w,WLOW,4,Never,12/23/2013,4/28/2020 8:37,4/28/2020 8:50,0,0,0,0,0,0,1,0,0,0,0,0,0,105,13,0,0,0,0,0,0,0,0,0,0,0,0,0,0,5,
Conservancy,serena.n,North,3,Never,12/24/2013,4/28/2020 8:00,4/28/2020 8:15,0,3,0,0,0,0,0,0,0,71,0,0,0,12,41,4,29,0,0,0,9,0,0,0,0,0,0,0,0,0,
Conservancy,serena.n,RSP,3.22,Never,12/24/2013,4/28/2020 8:22,4/28/2020 8:39,0,2,0,0,0,0,0,0,0,0,0,0,0,23,4,19,0,0,1,0,0,0,0,0,0,0,0,0,0,0,
Narok,mara.river,R1,4,Never,12/26/2013,4/28/2020 7:15,4/28/2020 7:25,0,0,0,0,0,0,1,0,0,0,0,0,0,8,18,0,0,0,0,0,0,0,0,0,0,3,0,0,0,0,
Narok,mara.river,R2,4,Never,12/26/2013,4/28/2020 7:28,4/28/2020 7:43,0,7,0,0,0,0,0,0,0,0,0,0,0,31,31,0,0,0,0,0,0,0,0,0,0,0,0,0,0,0,
Conservancy,happy.zebra,HZT,2,Never,12/27/2013,4/28/2020 8:14,4/28/2020 8:22,0,0,0,0,0,0,0,0,0,0,0,0,0,0,0,7,0,0,0,0,0,0,0,0,0,0,0,0,0,0,
Conservancy,happy.zebra,SST,5.4,NotBurned,12/27/2013,4/28/2020 7:13,4/28/2020 7:36,0,0,0,0,0,0,0,0,0,0,0,0,0,0,0,0,0,0,0,0,0,0,0,0,0,0,0,0,0,0,
Conservancy,happy.zebra,HZT,2,Never,1/4/2014,4/28/2020 8:25,4/28/2020 8:34,0,0,0,0,0,0,0,0,0,0,0,0,0,0,0,0,0,0,0,0,0,0,0,0,0,0,0,0,0,0,
Narok,talek.w,W3,4,Never,1/4/2014,4/28/2020 7:49,4/28/2020 8:02,0,0,0,0,0,0,0,0,0,7,0,0,0,38,14,5,0,0,6,0,0,0,0,0,0,0,0,0,0,0,
Conservancy,serena.s,S1,3.41,Never,1/5/2014,4/28/2020 7:52,4/28/2020 8:07,0,0,0,0,0,0,0,0,0,0,0,0,0,0,8,0,0,0,0,0,0,0,0,0,0,0,0,0,0,0,
Conservancy,serena.s,S2,1.47,Never,1/5/2014,4/28/2020 7:30,4/28/2020 7:36,0,0,0,0,0,0,0,0,0,0,0,0,0,6,0,0,0,0,0,0,0,0,0,0,0,0,0,0,0,0,
Narok,talek.w,WHIGH,4,Never,1/5/2014,4/28/2020 7:50,4/28/2020 8:02,0,0,0,0,0,0,2,20,0,0,0,0,0,0,0,0,0,0,0,0,0,0,0,0,0,0,0,0,0,1,"old wildebeest skull, spine, ribs and 1 leg with some skin and fur (we've seen this one before)"
Narok,talek.w,WLOW,4,Never,1/5/2014,4/28/2020 8:10,4/28/2020 8:27,0,0,0,0,0,0,0,0,0,0,0,0,0,172,13,0,0,0,0,0,0,0,0,0,0,0,0,0,0,5,"3 old wildebeest carcasses, 1 possible old cow carcass, 1 unknown old skeleton"
Conservancy,serena.n,North,3,Never,1/6/2014,4/28/2020 7:20,4/28/2020 7:34,0,22,0,0,0,1,0,0,0,124,0,0,0,6,2,0,2,0,0,0,0,2,0,0,0,0,0,0,0,0,
Conservancy,serena.n,RSP,3.22,Never,1/6/2014,4/28/2020 7:42,4/28/2020 8:03,0,2,0,0,0,0,0,0,0,6,0,0,0,33,16,17,0,0,0,0,0,0,0,0,2,0,0,0,0,0,I paused the transect from 0743-0748 to get ID shots of the lions; I paused the transect from 0743-0748 to get ID shots of the lions.
Narok,mara.river,R1,4,Never,1/7/2014,4/28/2020 8:17,4/28/2020 8:25,0,0,0,0,0,0,0,0,0,64,0,0,0,24,9,0,0,0,0,0,0,0,0,0,0,0,0,0,0,0,
Narok,mara.river,R2,4,Never,1/7/2014,4/28/2020 7:57,4/28/2020 8:07,0,0,0,0,0,0,0,0,0,18,0,0,0,71,9,9,0,0,0,0,0,0,0,0,0,0,0,0,0,0,
Conservancy,happy.zebra,SST,5.4,NotBurned,1/8/2014,4/28/2020 7:34,4/28/2020 7:55,0,0,0,0,0,0,0,0,0,0,0,1,0,0,0,0,0,0,9,0,0,0,0,0,0,0,0,0,0,0,
Narok,talek.w,WHIGH,4,Never,1/16/2014,4/28/2020 7:50,4/28/2020 8:02,0,0,0,0,0,0,8,0,0,0,0,0,0,17,0,1,0,0,0,0,0,0,0,0,0,0,0,0,0,1,"This is a wildebeest carcass that has been here for weeks; skin, bones and part of the head remain"
Narok,talek.w,WLOW,4,Never,1/16/2014,4/28/2020 8:09,4/28/2020 8:24,0,0,0,0,0,0,0,0,0,0,0,0,0,108,7,0,0,0,1,0,0,0,0,0,0,0,0,0,0,3,"1 old juvenile wildebeest carcass, 2 old adult wildebeest carcasses"
Conservancy,happy.zebra,HZT,2,Never,1/17/2014,4/28/2020 7:13,4/28/2020 7:26,0,0,0,0,0,0,0,0,0,0,0,0,0,0,1,0,0,0,0,0,0,0,0,0,0,3,0,0,0,0,I paused the transect from 0721-0724 to ID the hyenas; I paused the transect from 0721-0724 to ID the hyenas. 
Conservancy,happy.zebra,SST,5.4,NotBurned,1/17/2014,4/28/2020 7:50,4/28/2020 8:12,0,0,0,0,8,0,0,0,0,0,0,0,0,0,1,0,0,0,0,0,0,0,0,0,0,0,0,0,0,0,
Conservancy,serena.s,S1,3.41,Never,1/19/2014,4/28/2020 8:06,4/28/2020 8:31,0,3,0,0,14,0,0,0,0,0,0,0,0,0,0,0,0,0,0,0,0,0,0,0,0,0,0,0,0,0,I paused the transect from 0812-0819 to let the elephants cross the track; I paused the transect from 0812-0819 to let the elephants cross the track. 
Conservancy,serena.s,S2,1.47,Never,1/19/2014,4/28/2020 7:13,4/28/2020 7:21,0,0,0,0,0,0,0,0,0,0,0,0,0,6,26,1,0,0,0,0,0,2,0,0,0,0,0,0,0,0,
Narok,talek.w,W3,4,Never,1/19/2014,4/28/2020 8:00,4/28/2020 8:12,0,0,0,0,0,0,0,0,0,4,0,0,0,89,32,6,0,0,0,0,0,0,0,0,0,0,0,0,0,0,
Conservancy,serena.n,North,3,Never,1/20/2014,4/28/2020 7:56,4/28/2020 8:08,0,10,0,0,0,0,0,0,0,66,0,0,0,32,30,5,49,0,0,0,0,0,0,0,0,0,0,0,0,0,
Narok,mara.river,R1,4,Never,1/21/2014,4/28/2020 7:30,4/28/2020 7:37,0,0,0,0,0,0,0,0,0,10,0,0,0,34,8,0,0,0,0,0,0,0,0,0,0,0,0,0,0,0,
Narok,mara.river,R2,4,Never,1/21/2014,4/28/2020 7:00,4/28/2020 7:14,0,0,0,0,0,0,0,0,0,165,0,0,0,90,76,0,2,0,0,0,0,0,0,0,0,0,0,0,0,0,
Conservancy,serena.n,RSP,3.22,Never,1/30/2014,4/28/2020 8:27,4/28/2020 8:50,0,0,0,0,0,0,0,0,0,1,0,0,0,23,3,11,0,0,0,0,7,0,0,0,0,0,0,0,0,0,
Conservancy,happy.zebra,HZT,2,Never,2/1/2014,4/28/2020 7:01,4/28/2020 7:13,0,0,0,0,5,0,0,0,0,0,0,0,0,0,0,0,0,0,0,0,0,0,0,0,0,0,0,0,0,0,
Conservancy,happy.zebra,SST,5.4,NotBurned,2/1/2014,4/28/2020 7:50,4/28/2020 8:13,0,2,0,0,3,0,0,0,0,0,0,0,0,0,0,0,0,0,0,0,0,0,0,0,0,0,0,0,0,0,
Conservancy,serena.s,S1,3.41,Never,2/2/2014,4/28/2020 7:53,4/28/2020 8:08,0,0,0,0,0,0,0,0,0,0,0,0,0,0,0,0,0,0,0,0,0,0,0,0,0,0,0,0,0,0,
Conservancy,serena.s,S2,1.47,Never,2/2/2014,4/28/2020 7:39,4/28/2020 7:45,0,0,0,0,0,0,0,0,0,0,0,0,0,7,0,0,0,0,0,0,0,0,0,0,0,0,0,0,0,0,
Narok,talek.w,W3,4,Never,2/3/2014,4/28/2020 7:16,4/28/2020 7:30,0,0,0,0,0,0,2,0,0,7,0,0,0,34,26,0,0,0,0,0,7,0,0,0,0,0,0,0,0,0,
Conservancy,serena.n,North,3,Never,2/5/2014,4/28/2020 7:41,4/28/2020 7:50,0,0,0,0,0,0,0,0,0,9,0,0,0,0,0,0,2,0,0,0,0,0,0,0,0,0,0,0,0,0,
Conservancy,serena.n,RSP,3.22,Never,2/5/2014,4/28/2020 7:14,4/28/2020 7:36,0,0,0,0,0,0,0,0,0,31,0,0,0,85,2,0,0,0,0,0,0,0,0,0,0,0,0,0,0,0,
Narok,talek.w,WHIGH,4,Never,2/5/2014,4/28/2020 7:27,4/28/2020 7:47,0,0,0,0,0,0,0,0,0,0,0,0,0,36,51,0,0,0,0,0,0,0,0,0,0,0,0,0,0,4,3 wildebeest carcasses and 1 zebra carcass
Narok,talek.w,WLOW,4,Never,2/5/2014,4/28/2020 7:57,4/28/2020 8:13,0,0,0,0,0,0,0,0,0,0,0,0,0,173,8,0,0,0,9,0,0,0,0,0,0,0,0,0,0,3,3 old wildebeest carcasses
Narok,mara.river,R1,4,Never,2/7/2014,4/28/2020 8:37,4/28/2020 8:44,0,0,0,0,0,0,0,0,0,19,0,0,0,32,104,5,0,0,0,0,0,0,0,0,0,1,0,0,0,0,
Narok,mara.river,R2,4,Never,2/7/2014,4/28/2020 7:42,4/28/2020 7:58,0,3,0,0,0,0,0,0,0,49,0,0,0,42,28,5,0,0,0,1,0,0,0,0,0,0,0,0,0,0,The other is a hare
Conservancy,happy.zebra,HZT,2,Never,2/16/2014,4/28/2020 7:47,4/28/2020 7:57,0,0,0,0,0,0,0,0,0,0,0,0,0,0,0,4,0,0,0,0,0,0,0,0,0,0,0,0,0,0,
Conservancy,serena.s,S2,1.47,Never,2/17/2014,4/28/2020 8:38,4/28/2020 8:45,0,0,0,0,0,0,0,0,0,2,0,0,0,1,0,0,0,0,0,0,0,0,0,0,0,0,0,0,0,0,
Narok,talek.w,WHIGH,4,Never,2/17/2014,4/28/2020 7:54,4/28/2020 8:06,0,0,0,0,0,0,10,0,0,0,0,0,0,40,19,0,0,0,0,0,0,0,0,0,0,0,0,0,0,2,2 old wildebeest carcasses
Narok,talek.w,WLOW,4,Never,2/17/2014,4/28/2020 8:15,4/28/2020 8:29,0,0,0,0,0,0,0,0,0,0,0,5,0,32,1,0,0,0,0,0,0,0,0,0,0,1,0,0,0,1,Old wildebeest carcass
Conservancy,serena.n,North,3,Never,2/18/2014,4/28/2020 7:44,4/28/2020 7:54,0,0,0,0,0,0,0,0,0,0,0,0,0,15,10,0,4,0,0,0,8,0,0,0,0,0,0,0,0,0,
Conservancy,serena.n,RSP,3.22,Never,2/18/2014,4/28/2020 8:00,4/28/2020 8:18,0,1,0,0,0,0,0,0,0,1,0,0,0,25,22,7,0,0,0,0,0,0,0,0,0,3,0,0,0,0,
Narok,talek.w,W3,4,Never,2/21/2014,4/28/2020 7:34,4/28/2020 7:47,0,0,0,0,0,0,1,0,0,5,0,0,0,81,14,5,0,0,2,0,0,0,0,0,0,0,0,0,0,0,
Narok,mara.river,R1,4,Never,2/22/2014,4/28/2020 8:07,4/28/2020 8:14,0,0,0,0,0,0,0,1,0,0,0,2,0,15,64,0,0,0,0,0,0,0,0,0,0,0,0,0,0,0,
Narok,mara.river,R2,4,Never,2/22/2014,4/28/2020 8:28,4/28/2020 8:43,0,0,0,0,0,0,0,0,0,30,0,0,0,78,113,5,0,0,0,0,30,0,0,0,0,0,0,0,0,0,
Conservancy,happy.zebra,SST,5.4,NotBurned,2/22/2014,4/28/2020 8:15,4/28/2020 8:37,0,0,0,0,0,0,0,0,0,0,0,0,0,0,0,0,0,0,0,0,0,0,0,0,0,0,0,0,0,0,
Conservancy,serena.s,S1,3.41,Never,2/26/2014,4/28/2020 8:21,4/28/2020 8:36,0,17,0,0,0,0,0,0,0,0,0,0,0,0,0,2,0,0,0,0,0,0,0,0,0,0,0,0,0,0,
Conservancy,serena.s,S2,1.47,Never,3/2/2014,4/28/2020 8:21,4/28/2020 8:28,0,0,0,0,0,0,0,9,0,1,0,0,0,11,5,0,0,0,0,0,0,0,0,0,0,0,0,0,0,0,
Narok,talek.w,WHIGH,4,Never,3/3/2014,4/28/2020 7:52,4/28/2020 8:14,0,0,0,0,0,0,0,0,0,0,0,2,0,32,13,0,0,0,0,0,0,0,0,0,0,0,0,0,0,0,
Narok,talek.w,WLOW,4,Never,3/3/2014,4/28/2020 8:25,4/28/2020 8:42,0,0,0,0,0,0,2,0,0,0,0,0,0,59,1,0,0,0,0,0,10,0,0,0,0,0,0,0,0,1,Old wildebeest skeleton
Conservancy,serena.s,S1,3.41,Never,3/4/2014,4/28/2020 8:14,4/28/2020 8:37,0,0,0,0,6,0,0,0,0,0,0,0,0,0,0,0,0,0,0,0,0,0,0,0,0,0,0,0,0,0,
Conservancy,serena.n,RSP,3.22,Never,3/5/2014,4/28/2020 7:53,4/28/2020 8:15,0,0,0,0,0,1,0,0,0,0,0,0,0,18,10,7,0,0,0,0,0,0,0,2,0,3,0,0,0,0,
Narok,talek.w,W3,4,Never,3/5/2014,4/28/2020 7:47,4/28/2020 8:04,0,0,0,0,0,3,0,0,0,38,0,0,0,56,69,8,0,0,40,0,0,0,0,0,0,0,0,0,0,0,
Narok,mara.river,R1,4,Never,3/6/2014,4/28/2020 7:48,4/28/2020 7:55,0,0,0,0,0,0,0,0,0,0,0,0,0,3,9,0,0,0,0,0,0,0,0,0,0,0,0,0,0,0,
Narok,mara.river,R2,4,Never,3/6/2014,4/28/2020 8:37,4/28/2020 8:48,0,0,0,0,0,0,0,0,0,0,0,0,0,21,20,6,0,0,1,0,0,0,0,0,0,0,0,0,0,0,
Conservancy,happy.zebra,HZT,2,Never,3/10/2014,4/28/2020 7:46,4/28/2020 7:54,0,0,0,0,0,0,0,0,0,0,0,0,0,0,0,0,0,0,0,0,0,0,0,0,0,0,0,0,0,0,
Conservancy,serena.n,North,3,Never,3/10/2014,4/28/2020 7:51,4/28/2020 8:06,0,0,0,0,0,0,0,0,0,33,0,0,0,9,9,7,0,0,56,0,0,0,0,0,0,0,0,0,0,0,
Conservancy,happy.zebra,SST,5.4,NotBurned,3/10/2014,4/28/2020 8:11,4/28/2020 8:29,0,0,0,0,0,0,0,0,0,0,0,0,0,0,0,0,0,0,0,0,0,0,0,0,0,0,0,0,0,0,
Conservancy,serena.n,North,3,Never,3/17/2014,4/28/2020 7:41,4/28/2020 7:54,0,0,0,0,0,0,0,0,0,20,0,0,0,0,18,0,18,0,0,0,0,0,0,0,0,0,0,0,0,0,
Narok,talek.w,W3,4,Never,3/17/2014,4/28/2020 7:53,4/28/2020 8:10,0,0,0,0,0,0,0,0,0,8,0,2,0,61,18,0,0,0,9,0,37,0,0,0,0,0,0,0,0,0,
Narok,mara.river,R1,4,Never,3/18/2014,4/28/2020 8:29,4/28/2020 8:38,0,2,0,0,0,0,0,0,0,0,0,2,0,12,7,0,0,0,0,0,15,0,0,0,0,0,0,0,0,0,
Narok,mara.river,R2,4,Never,3/18/2014,4/28/2020 7:59,4/28/2020 8:13,0,0,0,0,0,2,0,0,0,5,0,0,0,48,6,0,0,0,0,0,0,0,0,0,0,0,0,0,0,0,
Conservancy,serena.n,RSP,3.22,Never,3/18/2014,4/28/2020 7:42,4/28/2020 7:56,0,0,0,0,0,0,0,0,0,10,0,0,0,35,22,8,0,0,0,0,0,0,0,0,0,0,0,0,0,0,
Conservancy,serena.s,S2,1.47,Never,3/19/2014,4/28/2020 8:22,4/28/2020 8:28,0,0,0,0,0,0,0,0,0,0,0,0,0,1,0,0,0,0,0,0,0,0,0,0,0,0,0,0,0,0,
Conservancy,happy.zebra,HZT,2,Never,3/20/2014,4/28/2020 7:56,4/28/2020 8:04,0,0,0,0,0,0,0,0,0,0,0,0,0,0,0,0,0,0,0,0,0,0,0,0,0,0,0,0,0,0,
Conservancy,serena.s,S1,3.41,Never,3/21/2014,4/28/2020 8:21,4/28/2020 8:38,0,0,0,0,1,0,0,0,0,0,2,0,0,0,0,0,0,0,0,0,0,0,0,0,0,0,0,0,0,0,
Conservancy,happy.zebra,SST,5.4,NotBurned,3/22/2014,4/28/2020 8:08,4/28/2020 8:35,0,0,0,0,0,0,0,0,0,0,0,0,0,0,0,0,0,0,0,0,0,0,0,0,2,0,0,0,0,0,
Narok,talek.w,WHIGH,4,Never,3/22/2014,4/28/2020 7:45,4/28/2020 7:59,0,0,0,0,0,0,0,0,0,0,0,0,0,21,1,0,0,0,9,0,0,0,0,0,0,0,0,0,0,1,Wildebeest head and spine with scattered bones
Narok,talek.w,WLOW,4,Never,3/22/2014,4/28/2020 8:09,4/28/2020 8:25,0,0,0,0,0,0,0,0,0,0,0,0,0,79,15,0,0,0,42,0,0,0,0,0,0,0,0,0,0,1,Carcass is an old skeleton
Conservancy,happy.zebra,HZT,2,Never,4/1/2014,4/28/2020 7:57,4/28/2020 8:07,0,0,0,0,0,0,0,0,0,0,0,0,0,0,0,0,0,0,0,0,0,0,0,0,0,0,0,0,0,0,
Conservancy,serena.n,North,3,Never,4/2/2014,4/28/2020 7:59,4/28/2020 8:13,0,0,0,0,0,0,0,0,0,36,0,4,0,9,18,0,2,0,0,0,0,5,0,0,0,0,0,0,0,0,
Narok,talek.w,WHIGH,4,Never,4/2/2014,4/28/2020 7:51,4/28/2020 8:04,0,0,0,0,0,0,2,0,0,0,0,0,0,20,0,0,0,0,0,0,0,0,0,0,0,0,0,0,0,0,
Narok,talek.w,WLOW,4,Never,4/2/2014,4/28/2020 8:12,4/28/2020 8:25,0,4,0,0,0,0,0,0,0,0,0,0,0,85,18,0,0,0,37,0,0,0,0,0,0,0,0,0,0,0,
Conservancy,serena.n,RSP,3.22,Never,4/5/2014,4/28/2020 7:32,4/28/2020 7:50,0,0,0,0,0,0,0,0,0,1,0,0,0,95,8,5,0,0,3,0,0,0,0,0,4,15,0,0,0,1,
Conservancy,happy.zebra,SST,5.4,NotBurned,4/5/2014,4/28/2020 7:02,4/28/2020 7:24,0,0,0,0,0,0,0,0,0,0,0,0,2,0,0,0,0,0,0,0,0,0,0,0,0,0,0,0,0,0,
Narok,talek.w,W3,4,Never,4/5/2014,4/28/2020 7:35,4/28/2020 7:49,0,0,0,0,0,0,0,0,0,2,0,0,0,48,28,0,0,0,38,0,0,0,0,0,0,0,0,0,0,0,
Conservancy,serena.s,S1,3.41,Never,4/6/2014,4/28/2020 7:21,4/28/2020 7:42,0,0,0,0,0,0,0,0,0,0,0,0,0,0,0,1,0,0,0,0,0,0,0,0,0,1,0,0,0,0,
Conservancy,serena.s,S2,1.47,Never,4/6/2014,4/28/2020 8:05,4/28/2020 8:13,0,0,0,0,0,0,0,6,0,0,0,0,0,1,12,3,0,0,0,0,0,0,0,0,0,0,0,0,0,0,
Narok,mara.river,R1,4,Never,4/11/2014,4/28/2020 8:42,4/28/2020 8:48,0,0,0,0,0,0,0,0,0,0,0,2,0,30,0,0,0,0,0,0,0,0,0,0,0,0,0,0,0,0,
Narok,mara.river,R2,4,Never,4/11/2014,4/28/2020 7:52,4/28/2020 8:05,0,2,0,0,0,0,0,0,0,5,0,0,0,72,19,0,15,0,0,0,0,0,0,0,0,1,0,0,0,0,
Conservancy,serena.s,S1,3.41,Never,4/16/2014,4/28/2020 8:15,4/28/2020 8:29,0,0,0,0,0,0,0,0,0,0,0,0,0,0,0,0,0,0,0,0,0,0,0,0,0,0,0,0,0,0,
Conservancy,serena.n,North,3,Never,4/18/2014,4/28/2020 8:16,4/28/2020 8:52,0,0,0,28,0,0,0,0,0,51,0,0,0,14,75,9,23,0,0,0,0,0,0,0,0,0,0,0,0,0,
Narok,talek.w,W3,4,Never,4/18/2014,4/28/2020 7:47,4/28/2020 7:59,0,0,0,0,0,0,0,0,0,31,0,0,0,53,21,6,0,0,29,0,12,0,0,0,0,0,0,0,0,0,
Conservancy,happy.zebra,HZT,2,Never,4/19/2014,4/28/2020 7:09,4/28/2020 7:22,0,0,0,0,0,0,0,0,0,0,0,0,0,0,0,1,0,0,0,0,0,0,0,0,0,0,0,0,0,0,
Conservancy,happy.zebra,SST,5.4,NotBurned,4/19/2014,4/28/2020 7:44,4/28/2020 8:09,0,0,0,0,0,0,0,0,0,0,0,0,0,0,0,0,0,0,0,0,0,0,0,0,0,0,0,0,0,0,
Narok,talek.w,WHIGH,4,Never,4/19/2014,4/28/2020 7:39,4/28/2020 8:00,0,0,0,0,0,0,0,0,0,0,0,0,0,3,3,0,0,0,0,0,0,0,0,0,0,0,0,0,0,0,
Narok,talek.w,WLOW,4,Never,4/19/2014,4/28/2020 8:08,4/28/2020 8:20,0,0,0,0,0,0,0,0,0,0,0,0,0,133,1,0,0,0,0,0,0,0,0,0,0,0,0,0,0,0,
Conservancy,serena.n,RSP,3.22,Never,4/20/2014,4/28/2020 7:21,4/28/2020 8:02,0,0,0,0,0,2,0,0,0,1,0,0,0,59,19,17,0,0,0,0,0,0,2,0,0,1,0,0,0,0,"We paused the transect from 0726-0729, 0734-0745 and again from 0753-0756 to ID hyenas; We paused the transect from 0726-0729, 0734-0745 and again from 0753-0756 to ID hyenas. "
Narok,mara.river,R1,4,Never,4/21/2014,4/28/2020 8:33,4/28/2020 8:44,0,0,0,0,0,0,0,0,0,0,0,0,0,2,0,0,0,0,0,0,0,0,0,0,0,0,0,0,0,0,
Narok,mara.river,R2,4,Never,4/21/2014,4/28/2020 6:56,4/28/2020 7:50,0,6,0,0,0,0,0,0,0,41,0,0,0,84,32,2,0,0,0,0,0,0,0,0,0,1,0,0,0,0,
Conservancy,serena.s,S2,1.47,Never,4/21/2014,4/28/2020 8:22,4/28/2020 8:28,0,0,0,0,0,0,0,0,0,2,0,0,0,2,0,0,0,0,0,0,0,0,0,0,0,0,0,0,0,0,
Conservancy,serena.s,S1,3.41,Never,5/1/2014,4/28/2020 8:02,4/28/2020 8:19,0,0,0,0,10,0,0,0,0,0,0,0,0,0,0,0,0,0,0,0,0,0,0,0,0,0,0,0,0,0,
Conservancy,serena.s,S2,1.47,Never,5/1/2014,4/28/2020 7:50,4/28/2020 7:56,0,0,0,0,0,0,0,0,0,2,0,0,0,1,0,0,0,0,0,0,0,0,0,0,0,0,0,0,0,0,
Narok,mara.river,R1,4,Never,5/3/2014,4/28/2020 8:05,4/28/2020 8:13,0,0,0,0,0,0,8,0,0,0,0,0,0,61,9,0,0,0,32,0,0,0,0,0,0,0,0,0,0,0,
Narok,mara.river,R2,4,Never,5/3/2014,4/28/2020 7:10,4/28/2020 7:33,0,0,0,0,0,0,0,0,0,0,0,0,0,60,55,5,1,0,25,0,0,0,0,0,0,1,0,0,0,0,
Conservancy,happy.zebra,HZT,2,Never,5/4/2014,4/28/2020 8:12,4/28/2020 8:22,0,0,0,0,0,0,0,0,0,0,0,0,0,0,0,1,0,0,0,0,0,0,0,0,0,0,0,0,0,0,
Conservancy,serena.n,North,3,Never,5/5/2014,4/28/2020 7:29,4/28/2020 7:42,3,7,0,0,0,0,0,0,0,21,0,0,0,24,22,3,21,0,288,0,0,0,0,0,0,0,0,0,0,0,
Narok,talek.w,W3,4,Never,5/6/2014,4/28/2020 7:07,4/28/2020 7:20,0,0,0,0,0,0,0,0,0,1,0,0,0,48,11,2,0,1,17,0,19,0,0,0,0,0,0,0,0,0,
Narok,talek.w,WHIGH,4,Never,5/8/2014,4/28/2020 7:23,4/28/2020 7:41,0,0,0,0,0,0,0,0,0,0,0,0,0,24,2,0,0,0,29,0,0,0,0,0,0,0,0,0,0,0,
Narok,talek.w,WLOW,4,Never,5/8/2014,4/28/2020 7:53,4/28/2020 8:09,0,0,0,0,0,0,4,0,0,0,0,0,0,47,4,0,0,0,33,0,4,0,0,0,0,0,0,0,0,0,
Conservancy,happy.zebra,SST,5.4,NotBurned,5/10/2014,4/28/2020 7:20,4/28/2020 7:43,0,0,0,0,0,0,0,0,0,0,0,0,0,0,0,1,0,0,11,0,0,0,0,0,0,0,0,0,0,0,
Conservancy,serena.n,RSP,3.22,Never,5/12/2014,4/28/2020 7:55,4/28/2020 8:21,0,1,0,0,0,0,0,0,0,2,0,0,0,37,14,11,0,0,59,0,0,0,0,0,0,1,0,0,0,0,
Conservancy,serena.n,North,3,Never,5/16/2014,4/28/2020 8:30,4/28/2020 8:53,0,0,0,0,0,0,0,0,0,9,0,0,0,29,12,5,44,0,45,0,0,0,0,0,0,0,0,0,0,0,
Conservancy,happy.zebra,HZT,2,Never,5/17/2014,4/28/2020 7:38,4/28/2020 7:47,0,0,0,0,0,0,0,0,0,0,0,0,0,0,0,0,0,0,0,0,0,0,0,0,0,0,0,0,0,0,
Conservancy,happy.zebra,SST,5.4,NotBurned,5/17/2014,4/28/2020 7:07,4/28/2020 7:30,0,0,0,0,0,0,0,0,0,0,0,0,0,0,0,0,0,0,0,0,0,0,0,0,0,0,0,0,0,0,
Conservancy,serena.n,RSP,3.22,Never,5/18/2014,4/28/2020 8:07,4/28/2020 8:27,0,0,0,0,0,2,0,0,0,0,0,0,0,34,9,0,0,0,15,0,22,0,0,0,0,1,0,0,0,0,
Conservancy,serena.s,S1,3.41,Never,5/19/2014,4/28/2020 7:41,4/28/2020 7:57,0,0,0,0,0,0,0,0,0,0,0,0,0,0,0,0,0,0,0,0,0,0,0,0,0,0,0,0,0,0,
Conservancy,serena.s,S2,1.47,Never,5/19/2014,4/28/2020 7:25,4/28/2020 7:34,0,0,0,0,0,0,0,0,0,0,0,0,0,4,0,0,0,0,2,0,0,0,0,1,0,0,0,0,0,0,
Narok,talek.w,WHIGH,4,Never,5/20/2014,4/28/2020 7:26,4/28/2020 7:44,0,0,0,0,0,0,0,0,0,1,0,0,0,47,14,0,0,0,97,0,0,0,0,0,0,0,0,0,0,4,"Carcasses are 2 old wildebeest skull, 1 buffalo skull, 1 zebra skull"
Narok,talek.w,WLOW,4,Never,5/20/2014,4/28/2020 7:53,4/28/2020 8:07,0,0,0,0,0,0,0,0,0,0,0,1,0,18,2,0,0,0,0,0,0,0,0,0,0,0,0,0,0,7,"1 old zebra carcass, 6 old gnu carcasses"
Narok,talek.w,W3,4,Never,5/21/2014,4/28/2020 7:38,4/28/2020 7:49,0,0,0,0,0,0,0,0,0,0,0,0,0,96,2,9,4,0,3,0,0,0,0,0,0,0,0,0,0,0,
Narok,mara.river,R1,4,Never,5/30/2014,4/28/2020 7:40,4/28/2020 7:47,0,0,0,0,0,0,0,0,0,0,0,0,0,21,9,0,0,1,33,0,0,0,0,0,0,0,0,0,0,0,
Narok,mara.river,R2,4,Never,5/30/2014,4/28/2020 7:03,4/28/2020 7:25,0,0,0,1,0,0,0,1,0,1,0,0,0,156,10,4,0,27,0,0,22,0,3,0,0,0,0,0,0,0,
Conservancy,happy.zebra,SST,5.4,NotBurned,6/1/2014,4/28/2020 7:06,4/28/2020 7:34,0,0,0,0,0,0,0,0,0,0,0,0,0,0,0,0,0,0,6,0,0,0,0,0,0,0,0,0,0,0,
Conservancy,serena.n,North,3,Never,6/2/2014,4/28/2020 8:01,4/28/2020 8:15,0,6,0,0,0,0,0,0,0,47,0,0,0,24,5,0,0,0,111,0,0,0,0,0,0,0,0,0,0,0,A balloon landed within 300m of the transect; A balloon landed within 300m of the transect.
Conservancy,serena.s,S1,3.41,Never,6/3/2014,4/28/2020 7:52,4/28/2020 8:09,0,0,0,0,0,0,0,0,0,0,0,0,0,0,0,0,0,0,0,0,0,0,0,0,0,3,0,0,0,0,
Conservancy,serena.s,S2,1.47,Never,6/3/2014,4/28/2020 7:29,4/28/2020 7:42,0,0,0,0,0,0,0,0,0,0,0,1,0,8,2,0,0,0,116,0,0,0,0,0,0,0,0,0,0,0,Pause transect 7:37 to 7:40
Narok,talek.w,W3,4,Never,6/8/2014,4/28/2020 7:57,4/28/2020 8:19,0,0,0,0,0,0,0,0,0,2,0,0,0,99,26,0,0,184,0,0,31,0,0,0,0,0,0,0,0,0,
Narok,talek.w,WHIGH,4,Never,6/12/2014,4/28/2020 7:55,4/28/2020 8:14,0,0,0,0,0,0,0,0,0,0,0,0,0,9,0,0,0,553,0,0,0,0,0,0,0,0,0,0,0,0,
Narok,talek.w,WLOW,4,Never,6/12/2014,4/28/2020 8:20,4/28/2020 8:42,0,0,0,0,0,0,2,0,0,0,0,0,0,59,5,0,0,1021,0,0,0,0,0,0,0,0,0,0,0,1,"skull, spine and half a ribcage of an adult gnu"
Conservancy,serena.s,S2,1.47,Never,6/20/2014,4/28/2020 8:28,4/28/2020 8:37,0,0,0,0,0,0,0,0,0,0,0,0,0,1,0,0,0,11,76,0,0,0,0,0,0,0,0,0,0,0,
Conservancy,serena.n,North,3,Never,6/24/2014,4/28/2020 7:55,4/28/2020 8:22,0,0,0,1,0,0,0,0,0,29,0,0,0,3,7,0,44,0,44,0,12,0,0,0,0,1,0,0,0,0,
Narok,talek.w,W3,4,Never,6/24/2014,4/28/2020 7:49,4/28/2020 8:11,0,0,0,5,0,2,0,0,0,0,0,0,0,29,4,1,0,52,6,0,0,1,0,0,0,0,0,0,0,1,gnu skeleton with little meat
Conservancy,serena.s,S1,3.41,Never,6/25/2014,4/28/2020 8:09,4/28/2020 8:25,0,0,0,0,0,0,0,0,0,0,0,0,0,0,4,0,0,0,5,0,0,0,0,0,0,0,0,0,0,0,
Conservancy,happy.zebra,HZT,2,Never,6/26/2014,4/28/2020 8:09,4/28/2020 8:22,0,0,0,0,1,0,0,0,0,0,0,0,0,0,0,0,0,0,0,0,0,0,0,0,0,0,0,0,0,0,
Conservancy,happy.zebra,SST,5.4,NotBurned,6/26/2014,4/28/2020 7:23,4/28/2020 8:00,0,1,0,0,0,0,0,0,0,0,0,0,0,0,0,0,0,0,0,0,0,0,0,0,0,1,0,0,0,0,
Narok,talek.w,WHIGH,4,Never,6/29/2014,4/28/2020 8:01,4/28/2020 8:15,0,0,0,0,0,0,1,0,0,0,0,0,0,3,17,0,0,1,0,0,0,0,0,0,0,0,0,0,0,9,"8 gnu skulls, 1 cow skull"
Narok,talek.w,WLOW,4,Never,6/29/2014,4/28/2020 8:23,4/28/2020 8:51,0,0,0,0,0,0,0,0,0,0,0,0,0,89,0,0,0,27,0,0,0,0,0,0,0,0,0,0,0,14,gnu carcasses of varying ages
Conservancy,serena.n,North,3,Never,7/1/2014,4/28/2020 8:26,4/28/2020 8:51,0,0,0,0,0,3,0,0,0,85,0,0,0,16,25,0,9,45,72,0,0,0,0,0,0,0,0,0,0,0,
Narok,talek.w,W3,4,Never,7/3/2014,4/28/2020 7:06,4/28/2020 7:24,0,0,0,0,0,0,0,0,0,5,0,0,0,33,5,0,0,231,9,0,0,0,0,0,0,0,0,0,0,2,old gnu carcasses
Conservancy,serena.n,RSP,3.22,Never,7/7/2014,4/28/2020 7:36,4/28/2020 7:54,0,0,0,0,3,0,0,0,0,11,0,0,0,48,1,4,0,150,0,0,0,0,2,0,0,3,0,0,0,0,
Conservancy,serena.s,S1,3.41,Never,7/8/2014,4/28/2020 7:53,4/28/2020 8:10,0,0,0,0,0,0,0,0,0,0,1,0,0,0,0,0,0,0,0,0,0,0,0,0,0,1,0,0,0,0,
Conservancy,serena.s,S2,1.47,Never,7/8/2014,4/28/2020 7:41,4/28/2020 7:47,0,0,0,0,0,0,0,0,0,0,0,0,0,2,0,1,0,0,0,0,0,0,0,0,0,0,0,0,0,0,
Narok,talek.w,WHIGH,4,Never,7/10/2014,4/28/2020 8:06,4/28/2020 8:19,0,0,0,0,0,0,0,0,0,0,0,0,0,9,0,0,0,244,0,0,0,0,0,0,0,0,0,0,0,1,old gnu skeleton
Narok,talek.w,WLOW,4,Never,7/10/2014,4/28/2020 8:26,4/28/2020 8:41,0,0,0,0,0,0,0,0,0,0,0,0,0,52,2,0,0,291,0,0,0,0,0,0,0,0,0,0,0,11,gnu carcasses of varying ages
Conservancy,happy.zebra,HZT,2,Never,7/11/2014,4/28/2020 8:21,4/28/2020 8:34,0,0,0,0,2,0,0,0,0,0,0,0,0,0,0,1,0,0,0,0,0,0,0,0,0,0,0,0,0,0,
Conservancy,happy.zebra,SST,5.4,NotBurned,7/11/2014,4/28/2020 7:15,4/28/2020 7:50,0,1,0,0,0,0,0,0,0,0,0,0,0,0,0,1,0,0,0,0,0,0,0,0,0,0,0,0,0,0,
Conservancy,serena.n,North,3,Never,7/16/2014,4/28/2020 7:05,4/28/2020 7:21,0,3,0,0,0,2,0,0,0,21,0,0,0,52,1,0,19,0,0,0,0,1,0,0,0,0,0,0,0,0,
Narok,talek.w,W3,4,Never,7/18/2014,4/28/2020 8:17,4/28/2020 8:46,0,0,0,0,0,0,0,0,0,0,0,0,0,65,2,13,0,492,8,0,0,0,0,0,0,0,0,0,0,3,old gnu carcasses
Conservancy,happy.zebra,HZT,2,Never,7/19/2014,4/28/2020 7:54,4/28/2020 8:03,0,0,0,0,0,0,0,0,0,0,0,0,0,0,0,0,0,0,0,0,0,0,0,0,0,0,0,0,0,1,carcass is skin and bones of juvenile gnu; The carcass was just the skin and bones of a juvenile wildebeest
Conservancy,happy.zebra,SST,5.4,NotBurned,7/19/2014,4/28/2020 7:10,4/28/2020 7:46,0,0,0,0,0,0,0,0,0,0,0,0,0,0,0,0,0,497,16,0,0,2,0,0,0,0,0,0,0,0,
Conservancy,serena.n,RSP,3.22,Never,7/20/2014,4/28/2020 7:49,4/28/2020 8:18,0,0,0,0,0,0,0,0,0,0,0,0,0,2,4,4,0,226,6,0,0,0,2,0,0,3,0,0,0,0,
Conservancy,serena.s,S1,3.41,Never,7/25/2014,4/28/2020 7:56,4/28/2020 8:47,0,2,0,0,0,0,0,0,0,0,0,0,0,0,119,1,0,1,25,0,0,0,0,0,0,3,0,0,0,0,
Conservancy,serena.s,S2,1.47,Never,7/25/2014,4/28/2020 7:40,4/28/2020 7:48,0,0,0,0,0,0,0,0,0,0,0,0,0,14,0,4,0,46,0,0,0,0,0,0,0,0,0,0,0,0,
Conservancy,serena.s,S1,3.41,Never,8/1/2014,4/28/2020 8:11,4/28/2020 8:39,0,0,0,0,0,0,0,0,0,0,0,0,0,0,70,2,0,587,196,0,0,0,0,0,0,0,0,0,0,0,
Conservancy,happy.zebra,SST,5.4,NotBurned,8/4/2014,4/28/2020 8:12,4/28/2020 8:52,0,0,0,0,0,0,0,1,0,0,0,0,0,0,245,4,0,791,156,0,0,0,0,0,0,0,0,0,0,2,2 gnu skeletons; carcasses: bones of an adult wildebeest and skin and bones of an adult wildebeest
Conservancy,serena.n,RSP,3.22,Never,8/5/2014,4/28/2020 7:14,4/28/2020 7:37,0,0,0,0,0,0,0,0,0,0,0,0,0,37,2,3,0,0,13,0,0,0,2,0,0,0,0,0,0,0,
Conservancy,happy.zebra,HZT,2,Never,8/6/2014,4/28/2020 7:43,4/28/2020 8:09,0,0,0,0,0,0,0,0,0,0,0,0,0,0,8,7,0,4079,68,0,0,0,0,0,0,0,0,0,0,1,bones and skin of juvenile gnu; carcass: bones and skin of a juvenile wildebeest
Narok,talek.w,W3,4,Never,8/7/2014,4/28/2020 8:47,4/28/2020 9:15,0,0,0,0,0,0,0,0,0,22,0,0,0,61,5,5,0,360,0,0,0,0,0,0,0,0,0,0,0,3,3 gnu carcasses
Conservancy,serena.n,North,3,Never,8/10/2014,4/28/2020 8:09,4/28/2020 8:32,0,0,0,0,0,0,0,0,0,1,0,0,0,6,2,0,0,131,386,0,0,0,0,0,0,0,0,0,0,0,
Conservancy,serena.s,S2,1.47,Never,8/15/2014,4/28/2020 8:44,4/28/2020 8:52,0,0,0,0,0,0,0,0,0,0,0,0,0,3,6,2,0,14,66,0,0,0,0,0,0,0,0,0,0,0,
Conservancy,happy.zebra,HZT,2,Never,8/18/2014,4/28/2020 7:52,4/28/2020 8:01,0,0,0,0,0,0,0,0,0,0,0,0,0,0,1,7,0,0,10,0,0,0,0,0,0,0,0,0,0,2,"1 fresh adult gnu carcass, 1 old juvenile gnu carcass; 1 entire fresh adult wildebeest carcass, 1 desiccated juvenile wildebeest carcass"
Conservancy,serena.n,North,3,Never,8/19/2014,4/28/2020 7:50,4/28/2020 8:07,0,0,0,0,0,0,0,0,0,60,0,0,0,17,3,0,1,0,0,0,0,0,0,0,0,0,0,0,0,0,
Narok,talek.w,W3,4,Never,8/19/2014,4/28/2020 8:42,4/28/2020 8:57,0,0,0,0,0,2,0,0,0,47,0,0,0,39,2,12,0,28,0,0,0,0,0,0,0,0,0,0,0,2,"2 trash; 1 juvenile gnu carcass, 1 adult gnu skull; 2 Trash"
Narok,talek.w,WHIGH,4,Never,8/19/2014,4/28/2020 8:01,4/28/2020 8:15,0,0,0,0,0,0,1,0,0,0,0,0,0,0,0,0,0,417,1,0,0,0,0,0,0,0,0,1,0,1,"The carcass is a head, spinal column, ribcage, legs, and skin."
Narok,talek.w,WLOW,4,Never,8/19/2014,4/28/2020 7:40,4/28/2020 7:56,0,0,0,0,0,0,1,0,0,0,0,0,0,53,0,0,0,630,5,0,0,0,0,0,0,0,0,5,0,5,Prey census list does not say species of carcasses
Conservancy,serena.n,RSP,3.22,Never,8/21/2014,4/28/2020 8:21,4/28/2020 8:54,0,0,0,0,0,0,0,0,0,2,0,0,0,32,4,0,0,4,15,0,0,0,2,0,0,0,0,0,0,0,
Conservancy,happy.zebra,SST,5.4,NotBurned,8/22/2014,4/28/2020 8:01,4/28/2020 8:25,0,0,0,0,0,0,0,0,0,0,0,0,0,0,6,0,0,0,17,0,0,0,0,0,0,0,0,0,0,0,
Conservancy,serena.s,S1,3.41,Never,8/24/2014,4/28/2020 7:47,4/28/2020 8:08,0,0,0,0,0,0,0,0,0,0,0,0,0,0,1,0,0,0,0,0,0,0,0,0,0,0,0,0,0,0,
Conservancy,serena.s,S2,1.47,Never,8/24/2014,4/28/2020 7:31,4/28/2020 7:42,0,2,0,0,0,0,0,0,0,0,0,0,0,1,10,3,0,0,0,0,0,0,0,0,0,0,0,0,0,0,
Narok,talek.w,W3,4,Never,9/2/2014,4/28/2020 8:40,4/28/2020 9:00,0,0,0,0,0,0,0,0,0,3,0,0,0,44,12,7,0,591,7,0,0,0,0,0,0,0,0,0,0,7,7 gnu carcasses
Narok,talek.w,WHIGH,4,Never,9/2/2014,4/28/2020 7:38,4/28/2020 7:53,0,0,0,0,0,0,1,0,0,0,0,0,0,31,0,0,0,87,3,0,0,0,0,0,0,0,0,0,0,2,2 gnu carcasses
Narok,talek.w,WLOW,4,Never,9/2/2014,4/28/2020 8:02,4/28/2020 8:16,0,0,0,0,0,0,0,0,0,0,0,0,0,33,1,0,0,226,2,0,0,0,0,0,0,0,0,0,0,6,6 gnu carcasses
Conservancy,serena.n,RSP,3.22,Never,9/7/2014,4/28/2020 8:07,4/28/2020 8:31,0,0,0,0,0,0,0,0,0,1,0,0,0,39,4,0,0,0,0,0,0,0,2,0,0,0,0,0,0,0,
Conservancy,happy.zebra,SST,5.4,NotBurned,9/10/2014,4/28/2020 7:37,4/28/2020 8:08,0,0,0,7,0,0,0,0,0,0,0,0,0,0,79,3,0,1,37,0,0,0,0,0,0,0,0,0,0,1,skin and bones of adult zebra carcass; carcass: skina and bones of adult zebra
Conservancy,happy.zebra,HZT,2,Never,9/13/2014,4/28/2020 7:20,4/28/2020 7:47,0,0,0,0,0,0,0,0,0,0,0,0,0,0,19,5,0,131,338,0,0,0,0,0,0,0,0,0,0,1,desiccated gnu carcass; 1 desiccated gnu carcass; bones and skin
Narok,talek.w,WHIGH,4,Never,9/20/2014,4/28/2020 7:46,4/28/2020 8:04,0,0,0,0,0,0,0,0,0,0,0,0,0,16,9,0,0,65,1,0,16,2,0,0,0,0,0,0,0,2,2 gnu carcasses
Narok,talek.w,WLOW,4,Never,9/20/2014,4/28/2020 8:11,4/28/2020 8:20,0,0,0,0,0,0,0,8,0,0,0,0,0,38,1,0,0,170,8,0,0,0,0,0,0,0,0,0,0,3,3 gnu carcasses
Narok,talek.w,W3,4,Never,9/21/2014,4/28/2020 7:02,4/28/2020 7:21,0,0,0,0,0,0,0,0,0,1,0,0,0,31,17,2,0,0,13,0,0,0,0,0,0,0,0,0,0,0,
Conservancy,happy.zebra,SST,5.4,NotBurned,9/23/2014,4/28/2020 8:17,4/28/2020 8:55,0,0,0,0,1,0,0,0,0,0,0,0,0,0,13,4,0,1311,23,0,0,0,0,0,0,0,0,0,0,3,"3 gnu carcasses; 3 carcasses, all the skins heads and ribs of adult gnu"
Conservancy,serena.n,North,3,Never,9/24/2014,4/28/2020 8:15,4/28/2020 8:34,0,0,0,0,0,0,0,0,1,45,0,0,0,125,7,2,2,6,19,0,0,0,0,0,0,0,0,0,0,0,
Conservancy,serena.s,S1,3.41,Never,9/25/2014,4/28/2020 8:02,4/28/2020 8:33,0,0,0,0,0,0,0,6,0,0,0,0,0,0,5,0,0,1528,21,0,0,0,0,0,0,0,0,0,0,0,
Conservancy,serena.s,S2,1.47,Never,9/25/2014,4/28/2020 7:47,4/28/2020 7:56,0,0,0,0,0,0,0,0,0,0,0,0,0,0,0,1,0,65,0,0,0,0,0,0,0,0,0,0,0,0,
Narok,talek.w,WHIGH,4,Never,10/6/2014,4/28/2020 7:45,4/28/2020 7:59,0,0,0,0,0,0,2,0,0,1,0,0,0,27,0,0,0,137,10,0,0,0,0,0,0,0,0,0,0,1,1 gnu carcass
Narok,talek.w,WLOW,4,Never,10/6/2014,4/28/2020 8:07,4/28/2020 8:22,0,0,0,0,0,0,0,0,0,0,0,0,0,30,9,0,0,253,0,0,0,0,0,0,0,0,0,0,0,4,"3 gnu carcasses, 1 cow carcass; 1 trash"
Conservancy,serena.s,S1,3.41,Never,10/8/2014,4/28/2020 8:03,4/28/2020 8:27,0,3,0,0,4,0,0,6,0,0,0,1,0,0,22,0,0,434,380,0,0,0,0,0,0,0,0,0,0,0,
Narok,talek.w,W3,4,Never,10/8/2014,4/28/2020 7:41,4/28/2020 7:56,0,0,0,0,0,0,0,0,0,3,0,0,0,77,23,1,0,6,0,0,0,0,0,0,0,0,0,0,0,3,"2 gnu carcasses, 1 buffalo carcass"
Conservancy,serena.s,S2,1.47,Never,10/9/2014,4/28/2020 7:39,4/28/2020 7:47,0,0,0,0,0,0,0,0,0,0,0,0,0,0,0,0,0,0,0,0,0,0,0,0,0,0,0,0,0,0,No animals seen
Conservancy,serena.n,North,3,Never,10/10/2014,4/28/2020 8:04,4/28/2020 8:18,0,0,0,0,1,0,0,0,1,8,0,0,0,1,14,0,10,0,0,0,0,0,0,0,0,0,0,0,0,0,
Conservancy,serena.n,RSP,3.22,Never,10/10/2014,4/28/2020 8:29,4/28/2020 8:50,0,0,0,0,0,0,0,0,0,1,0,0,0,44,4,3,0,381,53,0,0,0,2,0,0,0,0,0,0,0,
Conservancy,happy.zebra,SST,5.4,NotBurned,10/11/2014,4/28/2020 7:47,4/28/2020 8:21,0,0,0,1,0,0,0,0,0,0,0,0,0,0,18,1,0,15,249,0,0,0,0,0,0,0,0,0,0,0,
Conservancy,happy.zebra,HZT,2,Never,10/14/2014,4/28/2020 8:21,4/28/2020 8:39,0,0,0,0,0,0,0,0,0,0,0,0,0,0,21,0,0,102,87,0,0,0,0,0,0,0,0,0,0,3,"3 gnu carcasses; 2 carcasses were adult gnu skin and bone, and one carcass was adult gnu skin bones and meat."
Narok,talek.w,W3,4,Never,10/19/2014,4/28/2020 8:44,4/28/2020 9:05,0,0,0,0,0,1,0,0,0,16,0,0,0,40,0,2,0,1,7,0,0,0,0,0,0,0,0,0,0,3,"2 gnu carcasses, 1 buffalo carcass"
Narok,talek.w,WHIGH,4,Never,10/19/2014,4/28/2020 7:47,4/28/2020 8:06,0,0,0,1,0,0,0,0,0,0,0,0,0,22,30,0,0,0,9,0,0,2,0,0,0,0,0,0,0,2,2 gnu carcasses
Narok,talek.w,WLOW,4,Never,10/19/2014,4/28/2020 8:15,4/28/2020 8:32,0,0,0,0,0,0,0,0,0,0,0,0,0,38,0,0,0,0,5,0,0,4,0,0,0,0,0,0,0,6,"4 gnu carcasses, 1 zebra carcass, 1 cow carcass"
Conservancy,serena.n,North,3,Never,10/25/2014,4/28/2020 7:44,4/28/2020 7:59,0,10,0,0,0,0,0,0,2,15,0,0,0,7,17,0,12,0,4,0,0,0,0,0,0,0,0,0,0,0,
Conservancy,serena.n,RSP,3.22,Never,10/25/2014,4/28/2020 8:12,4/28/2020 8:52,0,4,0,0,0,0,0,0,0,0,0,0,0,26,5,12,0,0,90,0,0,0,0,0,0,0,0,0,0,0,Pause transect 8:25-8:52; Pause transect 08:25 - 08:52
Conservancy,serena.s,S1,3.41,Never,10/28/2014,4/28/2020 8:15,4/28/2020 8:38,0,0,0,0,0,0,0,0,0,0,0,0,0,3,1,1,1,0,9,0,0,0,0,0,0,0,0,0,0,0,
Conservancy,serena.s,S2,1.47,Never,10/28/2014,4/28/2020 7:49,4/28/2020 8:02,0,0,0,0,0,0,0,0,0,0,0,0,0,0,9,0,0,0,100,0,0,0,0,0,0,0,0,0,0,0,
Conservancy,happy.zebra,HZT,2,Never,10/29/2014,4/28/2020 8:31,4/28/2020 8:42,0,0,0,0,0,0,0,0,0,0,0,0,0,0,0,0,0,0,0,0,0,0,0,0,0,0,0,0,0,1,bones and skin of adult gnu; bones and skin of an adult gnu
Conservancy,happy.zebra,SST,5.4,NotBurned,10/30/2014,4/28/2020 7:54,4/28/2020 8:40,0,0,0,0,10,0,0,0,0,0,0,0,0,1,1,3,0,0,0,0,0,0,0,0,0,0,0,0,0,1,"1  gnu carcass; The carcass was an adult gnu, mostly a whole skeleton with majority of skin attached"
Conservancy,serena.n,North,3,Never,11/2/2014,4/28/2020 8:04,4/28/2020 8:20,0,20,0,0,0,0,0,1,0,30,0,0,0,28,30,0,16,0,0,0,13,0,0,0,0,0,0,0,0,0,
Conservancy,serena.s,S1,3.41,Never,11/4/2014,4/28/2020 8:23,4/28/2020 8:47,0,0,0,0,0,0,0,0,1,0,0,0,0,0,0,0,0,0,0,0,0,0,0,0,0,0,0,0,0,0,
Narok,talek.w,W3,4,Never,11/4/2014,4/28/2020 7:56,4/28/2020 8:15,0,0,0,0,0,0,0,7,0,25,0,0,0,40,5,5,0,1,0,0,0,0,0,0,0,0,0,0,0,1,1 buffalo carcass
Narok,talek.w,WHIGH,4,Never,11/6/2014,4/28/2020 7:36,4/28/2020 8:12,0,0,0,0,0,0,0,0,0,0,0,0,0,60,46,2,0,18,82,0,0,0,0,0,0,0,0,0,0,1,old ribcage with dried brown skin
Narok,talek.w,WLOW,4,Never,11/6/2014,4/28/2020 8:26,4/28/2020 8:42,0,0,0,0,0,0,0,0,0,0,0,0,0,17,1,0,1,0,0,0,0,0,0,0,0,0,0,0,0,4,"3 gnu carcasses, 1 cow carcass"
Conservancy,serena.s,S2,1.47,Never,11/8/2014,4/28/2020 8:14,4/28/2020 8:21,0,0,0,0,0,0,0,0,0,0,0,0,0,8,0,0,0,0,5,0,0,0,0,0,0,0,0,0,0,0,
Conservancy,happy.zebra,HZT,2,Never,11/10/2014,4/28/2020 8:24,4/28/2020 8:46,0,0,0,0,0,0,0,0,0,0,0,0,0,0,0,0,0,0,0,0,0,0,0,0,0,1,0,0,0,0,Pause transect 8:32 to 8:43 for hyena ID; Pause transect 08:32 to 08:43 for hyena ID
Conservancy,serena.n,RSP,3.22,Never,11/11/2014,4/28/2020 8:35,4/28/2020 8:54,0,0,0,0,0,0,0,0,0,0,0,0,0,93,5,0,0,0,4,0,0,0,2,0,0,0,0,0,0,0,
Conservancy,happy.zebra,HZT,2,Never,11/15/2014,4/28/2020 8:38,4/28/2020 8:47,0,0,0,1,0,0,0,0,0,0,0,0,0,0,0,4,0,0,0,0,0,0,0,0,0,0,0,0,0,0,
Conservancy,happy.zebra,SST,5.4,NotBurned,11/15/2014,4/28/2020 7:51,4/28/2020 8:17,0,0,0,0,0,0,0,0,0,0,2,0,0,3,0,0,0,0,34,0,0,0,0,0,0,0,0,0,0,0,
Conservancy,serena.n,North,3,Never,11/19/2014,4/28/2020 7:36,4/28/2020 7:47,0,8,0,0,0,0,0,0,0,5,0,0,0,2,48,0,10,0,43,0,0,0,0,0,0,0,0,0,0,0,
Conservancy,serena.n,RSP,3.22,Never,11/19/2014,4/28/2020 7:58,4/28/2020 8:19,0,3,0,0,0,1,0,0,0,12,0,0,0,30,7,10,0,1,49,0,14,0,0,0,0,1,0,0,0,0,Pause transect from 8:13-8:16 to ID hyena; Pause transect 08:13-08:16 to ID hyena
Narok,talek.w,WHIGH,4,Never,11/19/2014,4/28/2020 7:58,4/28/2020 8:09,0,0,0,0,0,0,0,0,0,2,0,0,0,6,35,0,0,0,1,0,0,0,0,0,0,0,0,0,0,1,1 gnu carcass
Narok,talek.w,WLOW,4,Never,11/19/2014,4/28/2020 8:22,4/28/2020 8:39,0,0,0,0,0,0,0,0,0,0,0,0,0,63,59,0,0,0,0,0,0,0,0,0,1,1,0,0,0,5,"4 gnu carcasses, 1 zebra carcass"
Conservancy,serena.s,S1,3.41,Never,11/21/2014,4/28/2020 7:14,4/28/2020 7:35,0,3,0,0,0,0,0,2,0,0,2,0,0,20,60,1,0,1,64,0,0,0,0,0,0,0,0,0,0,0,
Conservancy,serena.s,S2,1.47,Never,11/21/2014,4/28/2020 8:35,4/28/2020 8:42,0,0,0,0,0,0,0,0,0,0,0,0,0,20,0,1,0,0,96,0,0,0,0,0,0,0,0,0,0,0,
Narok,talek.w,W3,4,Never,11/26/2014,4/28/2020 8:13,4/28/2020 8:26,0,0,0,0,0,4,0,0,0,29,0,0,0,41,17,8,0,0,8,0,0,0,0,0,0,0,0,0,0,0,
Conservancy,happy.zebra,HZT,2,Never,12/2/2014,4/28/2020 8:26,4/28/2020 8:33,0,0,0,0,0,0,0,0,0,0,0,0,0,0,1,0,0,0,0,0,0,0,0,0,0,0,0,0,0,0,
Conservancy,happy.zebra,SST,5.4,NotBurned,12/2/2014,4/28/2020 7:40,4/28/2020 8:11,0,0,0,0,0,0,0,0,0,0,0,0,0,0,0,0,0,0,0,0,0,0,0,2,0,0,0,0,0,0,
Conservancy,serena.s,S2,1.47,Never,12/3/2014,4/28/2020 8:33,4/28/2020 8:41,0,5,0,0,0,0,0,0,0,0,0,0,0,2,0,1,0,12,61,0,0,0,0,0,0,0,0,0,0,0,
Narok,talek.w,W3,4,Never,12/4/2014,4/28/2020 8:15,4/28/2020 8:26,0,0,0,0,0,0,0,0,0,33,0,0,0,220,14,10,0,1,3,0,0,0,0,0,0,0,0,0,0,0,
Conservancy,serena.n,RSP,3.22,Never,12/5/2014,4/28/2020 8:18,4/28/2020 8:35,0,14,0,0,0,0,0,0,0,3,0,0,0,59,7,4,0,0,63,0,0,0,3,0,0,0,0,0,0,0,
Narok,talek.w,WHIGH,4,Never,12/5/2014,4/28/2020 8:20,4/28/2020 8:40,0,0,0,0,0,0,0,0,0,0,0,0,0,13,3,0,0,21,68,0,0,0,0,0,0,0,0,0,0,0,
Narok,talek.w,WLOW,4,Never,12/5/2014,4/28/2020 8:50,4/28/2020 9:04,0,0,0,0,0,0,9,0,0,0,0,0,0,61,6,0,0,0,81,0,0,0,0,0,0,0,0,0,0,0,
Conservancy,serena.s,S1,3.41,Never,12/6/2014,4/28/2020 7:40,4/28/2020 7:55,0,0,0,0,0,0,0,0,0,0,0,0,0,0,1,0,0,0,0,0,0,0,0,0,0,0,0,0,0,0,
Conservancy,serena.n,North,3,Never,12/10/2014,4/28/2020 7:58,4/28/2020 8:12,22,18,0,0,0,0,0,0,0,27,0,0,0,18,33,0,19,0,0,0,0,3,0,0,0,0,0,0,0,0,
Conservancy,happy.zebra,SST,5.4,NotBurned,12/17/2014,4/28/2020 8:34,4/28/2020 8:56,0,0,0,0,0,0,0,0,0,0,0,0,0,0,0,5,0,0,0,0,0,0,0,0,0,0,0,0,0,0,
Conservancy,serena.n,RSP,3.22,Never,12/18/2014,4/28/2020 8:38,4/28/2020 8:55,0,0,0,0,0,0,0,0,0,6,0,0,0,98,10,0,0,0,43,0,0,0,4,0,0,0,0,0,0,0,
Conservancy,serena.s,S1,3.41,Never,12/19/2014,4/28/2020 7:35,4/28/2020 7:49,0,1,0,0,0,0,0,0,0,0,3,0,0,2,29,0,0,0,0,0,0,0,0,0,0,0,0,0,0,0,
Narok,talek.w,W3,4,Never,12/22/2014,4/28/2020 8:26,4/28/2020 8:39,0,0,0,0,0,0,0,0,0,3,0,0,0,36,32,13,0,41,16,0,0,0,0,0,0,0,0,0,0,0,
Conservancy,happy.zebra,HZT,2,Never,12/31/2014,4/28/2020 7:42,4/28/2020 8:02,0,0,0,0,0,0,0,0,0,0,0,0,0,0,0,9,0,0,0,0,0,1,0,0,0,1,0,0,0,0,
Conservancy,serena.n,North,3,Never,12/31/2014,4/28/2020 7:38,4/28/2020 8:05,0,20,0,0,0,0,0,0,0,59,0,0,0,1,17,0,13,0,0,0,0,2,0,0,0,0,0,0,0,0,
Conservancy,serena.s,S2,1.47,Never,12/31/2014,4/28/2020 8:33,4/28/2020 8:41,0,0,0,0,7,0,0,0,0,0,0,0,0,42,8,0,0,0,0,0,0,3,0,0,0,0,0,0,0,0,
